Frame;Time;HeadPosition;HandDetected;HighConfidence;HandPosition;HandVelocity;IsPinchGrabbing;IsPalmGrabbing;IsAutogripGrabbing;StrengthThumbIndex;StrengthThumbMiddle;StrengthThumbRing;StrengthThumbPinky;StrengthPalmIndex;StrengthPalmMiddle;StrengthPalmRing;StrengthPalmPinky;WristTwist
1900;0;(-0.004, 1.038, -0.057);True;True;(0.204, 0.813, 0.018);(0.0246, -0.0391, -0.0142);False;False;False;0;0;0;0;0;0;0;0;130,95
1905;0,059999999;(-0.004, 1.037, -0.057);True;True;(0.204, 0.812, 0.019);(0.0017, -0.0078, 0.0043);False;False;False;0;0;0;0;0;0;0;0;132,574
1915;0,199999973;(-0.003, 1.035, -0.057);True;True;(0.207, 0.810, 0.023);(0.0387, -0.0359, 0.0435);False;False;False;0;0;0;0;0;0;0;0;132,68
1920;0,259999961;(-0.001, 1.033, -0.056);True;True;(0.215, 0.804, 0.026);(0.1846, -0.1416, 0.0761);False;False;False;0;0;0;0;0;0;0;0;132,603
1925;0,340000004;(0.001, 1.031, -0.055);True;True;(0.221, 0.797, 0.028);(0.0463, -0.0576, 0.0157);False;False;False;0;0;0;0;0;0;0;0;128,338
1930;0,400000036;(0.003, 1.029, -0.054);True;True;(0.225, 0.792, 0.030);(0.0769, -0.0770, 0.0341);False;False;False;0;0;0;0;0;0;0;0;125,093
1935;0,480000079;(0.005, 1.028, -0.053);True;True;(0.227, 0.788, 0.033);(-0.0105, -0.0226, 0.0385);False;False;False;0;0;0;0;0;0;0;0;196,926
1940;0,540000021;(0.006, 1.027, -0.053);True;True;(0.222, 0.785, 0.038);(-0.1608, -0.0478, 0.1168);False;False;False;0;0;0;0;0;0;0;0;210,097
1945;0,619999945;(0.007, 1.027, -0.053);True;True;(0.205, 0.775, 0.053);(-0.2427, -0.1891, 0.2633);False;False;False;0;0;0;0;0;0;0;0;203,001
1950;0,679999888;(0.006, 1.027, -0.054);True;True;(0.178, 0.754, 0.082);(-0.5748, -0.3216, 0.5508);False;False;False;0;0;0;0;0;0;0;0;192,79
1960;0,819999754;(0.002, 1.027, -0.052);True;True;(0.138, 0.709, 0.133);(-0.1486, -0.3966, 0.4536);False;False;False;0;0;0;0;0;0;0;0;162,246
1970;0,959999621;(-0.003, 1.026, -0.050);True;True;(0.132, 0.684, 0.157);(-0.0295, -0.0213, 0.0342);False;False;False;0;0;0;0;0;0;0;0;145,093
1975;1,039999604;(-0.004, 1.026, -0.050);True;True;(0.129, 0.683, 0.158);(-0.0432, -0.0258, 0.0221);False;False;False;0;0;0;0;0;0;0;0;163,744
1985;1,179999471;(-0.005, 1.026, -0.051);True;True;(0.122, 0.674, 0.163);(-0.0387, -0.0609, 0.0209);False;False;False;0;0;0;0;0;0;0;0;183,446
1995;1,319999337;(-0.005, 1.026, -0.051);True;True;(0.113, 0.666, 0.165);(-0.0339, -0.0230, 0.0015);False;False;False;0;0;0;0;0;0;0;0;159,707
2005;1,459999204;(-0.007, 1.026, -0.049);True;True;(0.110, 0.660, 0.168);(0.0173, -0.0022, 0.0262);False;True;False;1;1;0,9037857;0,4263538;0;0;0;0;185,982
2010;1,519999146;(-0.008, 1.027, -0.048);True;True;(0.113, 0.665, 0.169);(0.0923, 0.1780, -0.0161);False;True;False;1;1;1;0,5357542;0;0;0;0;200,769
2015;1,59999907;(-0.009, 1.026, -0.048);True;True;(0.119, 0.697, 0.163);(0.0106, 0.4700, -0.0856);False;True;False;1;1;1;0,7293531;0;0;0;0;197,926
2020;1,659999013;(-0.009, 1.026, -0.051);True;True;(0.107, 0.746, 0.157);(-0.3667, 0.8074, 0.0176);False;True;False;1;1;1;0,7188142;0;0;0;0;168,074
2025;1,739998937;(-0.010, 1.028, -0.053);True;True;(0.079, 0.778, 0.159);(-0.3561, 0.2726, 0.0453);False;True;False;1;1;1;0,7087377;0;0;0;0;143,373
2030;1,799998879;(-0.011, 1.030, -0.055);True;True;(0.044, 0.781, 0.171);(-0.6751, 0.0105, 0.1612);False;True;False;1;1;1;0,6758382;0;0;0;0;130,266
2035;1,879998803;(-0.014, 1.032, -0.054);True;True;(0.014, 0.762, 0.183);(-0.2340, -0.2040, 0.1018);False;True;False;1;1;1;0,6430932;0;0;0;0;132,782
2040;1,939998746;(-0.019, 1.034, -0.051);True;True;(0.004, 0.736, 0.204);(0.0845, -0.4888, 0.5219);False;True;False;1;0,8947315;0,7147858;0,1405562;0;0;0;0;142,722
2050;2,079998732;(-0.029, 1.031, -0.045);True;True;(0.059, 0.758, 0.207);(1.0383, 0.4852, -0.3185);False;False;False;0;0;0;0;0;0;0;0;163,979
2060;2,219998598;(-0.032, 1.027, -0.048);True;True;(0.161, 0.768, 0.178);(0.7082, -0.1915, -0.2005);False;False;False;0;0;0;0;0;0;0;0;195,383
2070;2,359998465;(-0.030, 1.027, -0.060);True;True;(0.156, 0.715, 0.184);(-0.1427, -0.2920, 0.0894);False;False;False;0;0;0;0;0;0;0;0;202,291
2080;2,499998331;(-0.029, 1.028, -0.075);True;True;(0.129, 0.653, 0.214);(-0.0757, -0.2343, 0.1642);False;False;False;0;0;0;0;0;0;0;0;161,837
2090;2,639998198;(-0.034, 1.030, -0.088);True;True;(0.129, 0.653, 0.219);(0.0437, 0.1111, -0.0462);False;True;False;1;0,816349;0,713347;0,4019613;0;0;0;0;126,039
2100;2,779998064;(-0.043, 1.033, -0.097);True;True;(0.146, 0.720, 0.194);(0.0818, 0.5446, -0.1101);False;True;False;1;1;1;0,7647079;0;0;0;0;140,713
2105;2,839998007;(-0.046, 1.033, -0.102);True;True;(0.132, 0.773, 0.180);(-0.2908, 0.6873, -0.0318);False;True;False;1;1;1;0,9037151;0;0;0;0;180,033
2110;2,919997931;(-0.050, 1.034, -0.107);True;True;(0.097, 0.811, 0.167);(-0.3684, 0.2560, -0.0994);False;True;False;1;1;1;0,9128047;0;0;0;0;159,377
2115;2,979997873;(-0.052, 1.035, -0.111);True;True;(0.060, 0.817, 0.166);(-0.7627, -0.1789, 0.1004);False;True;False;1;1;1;0,7475091;0;0;0;0;177,372
2120;3,059997797;(-0.055, 1.036, -0.114);True;True;(0.029, 0.801, 0.177);(-0.2340, -0.2307, 0.1810);False;True;False;1;1;1;0,6840447;0;0;0;0;190,783
2125;3,11999774;(-0.058, 1.037, -0.116);True;True;(0.012, 0.770, 0.194);(-0.2217, -0.6178, 0.3485);False;True;False;1;1;1;0,609482;0;0;0;0;193,043
2130;3,199997663;(-0.060, 1.038, -0.114);True;True;(0.011, 0.751, 0.209);(0.1327, 0.0270, 0.0811);False;False;False;0;0;0;0;0;0;0;0;191,583
2135;3,259997606;(-0.062, 1.038, -0.111);True;True;(0.025, 0.763, 0.206);(0.2881, 0.3153, -0.0815);False;False;False;0;0;0;0;0;0;0;0;171,121
2145;3,399997473;(-0.056, 1.036, -0.107);True;True;(0.138, 0.822, 0.169);(1.3909, 0.3787, -0.3459);False;False;False;0;0;0;0;0;0;0;0;78,815
2155;3,539997339;(-0.040, 1.036, -0.103);True;True;(0.243, 0.788, 0.161);(0.7253, -0.9516, 0.2333);False;False;False;0;0;0;0;0;0;0;0;77,392
2165;3,679997206;(-0.023, 1.034, -0.097);True;True;(0.261, 0.719, 0.165);(-0.0430, -0.4009, -0.0326);False;False;False;0;0;0;0;0;0;0;0;96,925
2175;3,819997072;(-0.013, 1.033, -0.093);True;True;(0.251, 0.715, 0.161);(-0.0593, 0.0337, -0.0494);False;False;False;0;0;0;0;0;0;0;0;175,441
2185;3,959996939;(-0.011, 1.032, -0.094);True;True;(0.242, 0.719, 0.126);(-0.1017, -0.0088, -0.2959);False;False;False;0;0;0;0;0;0;0;0;175,537
2195;4,099997044;(-0.010, 1.031, -0.095);True;True;(0.244, 0.671, 0.129);(0.1792, -0.5129, 0.1821);False;False;False;0;0;0;0;0;0;0;0;169,126
2205;4,23999691;(-0.007, 1.032, -0.090);True;True;(0.249, 0.623, 0.156);(-0.0284, -0.0344, 0.1233);False;False;False;0;0;0;0;0;0;0;0;166,808
2210;4,299996853;(-0.006, 1.031, -0.088);True;True;(0.247, 0.622, 0.172);(-0.0217, -0.0824, 0.3225);False;False;False;0;0;0;0;0;0;0;0;169,362
2215;4,379996777;(-0.007, 1.031, -0.087);True;True;(0.251, 0.611, 0.193);(-0.0105, -0.0886, 0.1952);False;False;False;0;0;0;0;0;0;0;0;171,297
2220;4,439996719;(-0.010, 1.030, -0.088);True;True;(0.250, 0.611, 0.199);(-0.0719, 0.0565, -0.0638);False;False;False;0;0;0;0;0;0;0;0;169,335
2225;4,519996643;(-0.014, 1.029, -0.091);True;True;(0.251, 0.612, 0.194);(0.0112, 0.0222, -0.0735);False;False;False;0;0;0;0;0;0;0;0;167,077
2230;4,579996586;(-0.018, 1.028, -0.095);True;True;(0.251, 0.616, 0.180);(-0.0095, 0.1417, -0.4164);False;True;False;1;1;1;0,9459506;0;0;0;0;165,563
2235;4,65999651;(-0.024, 1.029, -0.099);True;True;(0.248, 0.634, 0.145);(-0.0605, 0.2731, -0.4286);False;True;False;1;1;1;1;0;0;0;0;195,179
2240;4,719996452;(-0.030, 1.030, -0.104);True;True;(0.237, 0.667, 0.111);(-0.2528, 0.8076, -0.6544);False;True;False;1;1;1;1;0;0;0;0;213,243
2250;4,859996319;(-0.040, 1.032, -0.113);True;True;(0.183, 0.756, 0.080);(-0.6642, 0.7451, 0.0348);False;True;False;1;1;1;0,9951414;0;0;0;0;181,452
2260;4,999996185;(-0.051, 1.034, -0.122);True;True;(0.079, 0.802, 0.090);(-1.1229, 0.1710, 0.1141);False;True;False;1;1;1;0,9500046;0;0;0;0;117,075
2270;5,139996052;(-0.062, 1.036, -0.127);True;True;(-0.001, 0.770, 0.132);(-0.2929, -0.1782, 0.1419);False;True;False;1;1;1;0,9410501;0;0;0;0;44,811
2280;5,279995918;(-0.073, 1.036, -0.124);True;True;(0.005, 0.759, 0.161);(0.1419, 0.1277, -0.0368);False;False;False;0;0;0;0;0;0;0;0;75,765
2285;5,359995842;(-0.077, 1.034, -0.122);True;True;(0.038, 0.786, 0.142);(0.7134, 0.4356, -0.3227);False;False;False;0;0;0;0;0;0;0;0;158,499
2295;5,499995708;(-0.075, 1.031, -0.121);True;True;(0.128, 0.821, 0.070);(0.4006, 0.0330, -0.3789);False;False;False;0;0;0;0;0;0;0;0;186,603
2305;5,639995575;(-0.067, 1.029, -0.123);True;True;(0.182, 0.773, 0.052);(0.2378, -0.3538, 0.0327);False;False;False;0;0;0;0;0;0;0;0;188,921
2315;5,779995441;(-0.056, 1.030, -0.123);True;True;(0.206, 0.716, 0.052);(0.0206, -0.1454, -0.0118);False;False;False;0;0;0;0;0;0;0;0;186,989
2325;5,919995308;(-0.050, 1.029, -0.120);True;True;(0.197, 0.700, 0.057);(-0.0850, -0.0882, 0.0724);False;False;False;0;0;0;0;0;0;0;0;190,125
2330;5,979995251;(-0.049, 1.028, -0.119);True;True;(0.182, 0.691, 0.070);(-0.3660, -0.1861, 0.3776);False;False;False;0;0;0;0;0;0;0;0;190,533
2335;6,059995174;(-0.049, 1.028, -0.118);True;True;(0.155, 0.682, 0.094);(-0.3245, -0.1763, 0.3546);False;False;False;0;0;0;0;0;0;0;0;185,38
2340;6,119995117;(-0.051, 1.028, -0.118);True;True;(0.125, 0.667, 0.125);(-0.6354, -0.2338, 0.4872);False;False;False;0;0;0;0;0;0;0;0;155,751
2345;6,199995041;(-0.054, 1.029, -0.118);True;True;(0.110, 0.647, 0.150);(-0.1379, -0.1368, 0.1223);False;False;False;0;0;0;0;0;0;0;0;126,172
2350;6,259994984;(-0.058, 1.030, -0.116);True;True;(0.105, 0.633, 0.162);(-0.0777, -0.1359, 0.0322);False;False;False;0;0;0;0;0;0;0;0;60,828
2355;6,339994907;(-0.063, 1.030, -0.115);True;True;(0.106, 0.625, 0.168);(0.0295, -0.0611, 0.0992);False;True;False;1;0,8698685;0,7782897;0,4164974;0;0;0;0;180,483
2360;6,39999485;(-0.067, 1.029, -0.114);True;True;(0.105, 0.623, 0.169);(-0.0704, 0.0193, -0.0024);False;True;False;1;1;1;0,8124479;0;0;0;0;183,278
2370;6,539994717;(-0.073, 1.028, -0.115);True;True;(0.076, 0.639, 0.166);(-0.5151, 0.2870, -0.0911);False;True;False;1;1;1;1;0;0;0;0;184,414
2380;6,679994583;(-0.076, 1.029, -0.119);True;True;(0.006, 0.662, 0.162);(-0.5231, 0.0343, 0.0449);False;True;False;1;1;1;1;0;0;0;0;186,707
2390;6,81999445;(-0.080, 1.032, -0.121);True;True;(-0.001, 0.662, 0.168);(0.0904, 0.0161, 0.0185);False;False;False;0;0;0;0;0;0;0;0;186,882
2400;6,959994316;(-0.081, 1.032, -0.123);True;True;(0.062, 0.699, 0.137);(0.3411, 0.2192, -0.2371);False;False;False;0;0;0;0;0;0;0;0;181,484
2410;7,099994183;(-0.076, 1.034, -0.128);True;True;(0.129, 0.728, 0.088);(0.3342, 0.0782, -0.1990);False;False;False;0;0;0;0;0;0;0;0;148,529
2420;7,239994049;(-0.069, 1.047, -0.137);True;True;(0.163, 0.737, 0.058);(0.0775, 0.0863, -0.0720);False;False;False;0;0;0;0;0;0;0;0;132,273
2425;7,299993992;(-0.066, 1.053, -0.143);True;True;(0.172, 0.741, 0.047);(0.1829, 0.0069, -0.1976);False;False;False;0;0;0;0;0;0;0;0;150,83
2430;7,379993916;(-0.063, 1.057, -0.149);True;True;(0.181, 0.742, 0.040);(0.0861, 0.0270, -0.0457);False;False;False;0;0;0;0;0;0;0;0;190,621
2435;7,439993858;(-0.061, 1.059, -0.154);True;True;(0.187, 0.744, 0.037);(0.0955, 0.0384, -0.0501);False;False;False;0;0;0;0;0;0;0;0;170,873
2440;7,519993782;(-0.059, 1.060, -0.158);True;True;(0.190, 0.747, 0.033);(0.0174, 0.0244, -0.0285);False;False;False;0;0;0;0;0;0;0;0;157,041
2445;7,579993725;(-0.058, 1.061, -0.160);True;True;(0.191, 0.749, 0.031);(0.0222, 0.0410, -0.0444);False;False;False;0;0;0;0;0;0;0;0;153,666
2450;7,659993649;(-0.057, 1.061, -0.161);True;True;(0.192, 0.750, 0.029);(0.0057, 0.0083, -0.0139);False;False;False;0;0;0;0;0;0;0;0;149,327
2455;7,719993591;(-0.056, 1.062, -0.162);True;True;(0.192, 0.750, 0.028);(-0.0247, 0.0058, -0.0219);False;False;False;0;0;0;0;0;0;0;0;149,559
2465;7,859993458;(-0.054, 1.062, -0.160);True;True;(0.190, 0.747, 0.026);(-0.0238, -0.0440, 0.0015);False;False;False;0;0;0;0;0;0;0;0;152,216
2475;7,999993324;(-0.054, 1.062, -0.159);True;True;(0.186, 0.743, 0.026);(-0.0370, -0.0378, 0.0115);False;False;False;0;0;0;0;0;0;0;0;158,86
2485;8,139996529;(-0.054, 1.061, -0.159);True;True;(0.183, 0.738, 0.028);(-0.0110, -0.0160, 0.0114);False;False;False;0;0;0;0;0;0;0;0;168,109
2495;8,279999733;(-0.054, 1.061, -0.159);True;True;(0.182, 0.735, 0.030);(-0.0085, -0.0138, 0.0101);False;False;False;0;0;0;0;0;0;0;0;169,183
2505;8,420002937;(-0.055, 1.062, -0.158);True;True;(0.180, 0.731, 0.033);(-0.0090, -0.0193, 0.0137);False;False;False;0;0;0;0;0;0;0;0;189,206
2515;8,560006142;(-0.055, 1.061, -0.158);True;True;(0.179, 0.727, 0.036);(-0.0008, -0.0154, 0.0174);False;False;False;0;0;0;0;0;0;0;0;197,155
2520;8,620007515;(-0.055, 1.059, -0.157);True;True;(0.178, 0.726, 0.037);(-0.0070, -0.0284, 0.0289);False;False;False;0;0;0;0;0;0;0;0;205,353
2525;8,700009346;(-0.056, 1.055, -0.156);True;True;(0.177, 0.724, 0.040);(-0.0188, -0.0160, 0.0308);False;False;False;0;0;0;0;0;0;0;0;201,887
2530;8,760010719;(-0.056, 1.051, -0.153);True;True;(0.173, 0.718, 0.049);(-0.1003, -0.1571, 0.2428);False;False;False;0;0;0;0;0;0;0;0;160,861
2535;8,84001255;(-0.056, 1.048, -0.150);True;True;(0.172, 0.702, 0.072);(-0.0045, -0.1581, 0.2379);False;False;False;0;0;0;0;0;0;0;0;154,192
2540;8,900013924;(-0.055, 1.045, -0.145);True;True;(0.169, 0.689, 0.091);(-0.0942, -0.2166, 0.3380);False;False;False;0;0;0;0;0;0;0;0;146,757
2545;8,980015755;(-0.055, 1.043, -0.139);True;True;(0.168, 0.671, 0.114);(-0.0151, -0.1287, 0.2112);False;False;False;0;0;0;0;0;0;0;0;157,56
2550;9,040017128;(-0.055, 1.040, -0.133);True;True;(0.168, 0.658, 0.135);(-0.0889, -0.1125, 0.2358);False;False;False;0;0;0;0;0;0;0;0;169,206
2560;9,180020332;(-0.056, 1.037, -0.126);True;True;(0.172, 0.639, 0.168);(-0.0370, -0.0777, 0.1727);False;False;False;0;0;0;0;0;0;0;0;185,74
2570;9,320023537;(-0.062, 1.037, -0.125);True;True;(0.171, 0.638, 0.170);(0.0202, -0.0025, 0.0129);False;True;False;1;0,5450048;0,4756722;0,1810327;0;0;0;0;157,286
2580;9,460026741;(-0.068, 1.036, -0.130);True;True;(0.162, 0.693, 0.121);(-0.1289, 0.5310, -0.3920);False;True;False;1;0,9629139;0,7313529;0,4247261;0;0;0;0;172,33
2590;9,600029945;(-0.071, 1.038, -0.140);True;True;(0.125, 0.790, 0.085);(-0.2451, 0.2282, -0.0626);False;True;False;1;1;0,9282457;0,635878;0;0;0;0;201,543
2600;9,74003315;(-0.073, 1.044, -0.150);True;True;(0.051, 0.808, 0.102);(-0.4940, -0.1093, 0.1175);False;True;False;1;1;0,9508716;0,6407517;0;0;0;0;181,012
2605;9,800034523;(-0.076, 1.049, -0.153);True;True;(0.024, 0.792, 0.121);(-0.3509, -0.3547, 0.3549);False;True;False;1;1;0,845238;0,51346;0;0;0;0;116,1
2610;9,880036354;(-0.079, 1.052, -0.154);True;True;(0.017, 0.786, 0.136);(0.0094, 0.0634, 0.0795);False;False;False;0;0;0;0;0;0;0;0;112,417
2615;9,940037727;(-0.081, 1.054, -0.153);True;True;(0.022, 0.795, 0.132);(0.1659, 0.2542, -0.1931);False;False;False;0;0;0;0;0;0;0;0;124,465
2620;10,02003956;(-0.082, 1.054, -0.153);True;True;(0.040, 0.805, 0.123);(0.2900, 0.1232, -0.1680);False;False;False;0;0;0;0;0;0;0;0;160,245
2625;10,08004093;(-0.082, 1.054, -0.152);True;True;(0.083, 0.816, 0.103);(0.9261, 0.2342, -0.4412);False;False;False;0;0;0;0;0;0;0;0;177,781
2630;10,16004276;(-0.079, 1.051, -0.152);True;True;(0.134, 0.819, 0.079);(0.5533, -0.0654, -0.1189);False;False;False;0;0;0;0;0;0;0;0;170,308
2635;10,22004414;(-0.073, 1.047, -0.150);True;True;(0.177, 0.811, 0.056);(0.8260, -0.3016, -0.4525);False;False;False;0;0;0;0;0;0;0;0;136,993
2645;10,36004734;(-0.057, 1.041, -0.143);True;True;(0.212, 0.751, 0.065);(0.3846, -0.9250, 0.4319);False;False;False;0;0;0;0;0;0;0;0;133,756
2655;10,50005054;(-0.044, 1.038, -0.131);True;True;(0.209, 0.683, 0.111);(-0.0486, -0.2228, 0.2021);False;False;False;0;0;0;0;0;0;0;0;158,641
2665;10,64005375;(-0.039, 1.035, -0.118);True;True;(0.200, 0.651, 0.157);(-0.1100, -0.1766, 0.3999);False;False;False;0;0;0;0;0;0;0;0;126,898
2675;10,78005695;(-0.040, 1.033, -0.112);True;True;(0.194, 0.643, 0.179);(0.0430, -0.0481, 0.1112);False;False;False;0;0;0;0;0;0;0;0;134,823
2680;10,84005833;(-0.042, 1.034, -0.114);True;True;(0.195, 0.642, 0.185);(0.0198, -0.0077, 0.1361);False;False;False;0;0;0;0;0;0;0;0;139,277
2685;10,92006016;(-0.046, 1.035, -0.117);True;True;(0.195, 0.641, 0.185);(0.0224, -0.0404, 0.0002);False;True;False;1;0,4088256;0;0;0;0;0;0;144,075
2690;10,98006153;(-0.050, 1.037, -0.123);True;True;(0.199, 0.639, 0.181);(0.0693, 0.0169, -0.1347);False;True;False;1;1;0,3331433;0,1446458;0;0;0;0;142,614
2695;11,06006336;(-0.055, 1.038, -0.131);True;True;(0.202, 0.645, 0.162);(0.0412, 0.0883, -0.2913);False;True;False;1;1;0,8400508;0,4401068;0;0;0;0;139,719
2700;11,12006474;(-0.058, 1.039, -0.139);True;True;(0.207, 0.659, 0.135);(0.1058, 0.2774, -0.5145);False;True;False;1;1;1;0,7071;0;0;0;0;142,393
2705;11,20006657;(-0.061, 1.041, -0.146);True;True;(0.202, 0.685, 0.111);(-0.0156, 0.2087, -0.1416);False;True;False;1;1;1;0,7900388;0;0;0;0;140,882
2710;11,26006794;(-0.066, 1.046, -0.152);True;True;(0.195, 0.713, 0.094);(-0.2236, 0.6306, -0.3109);False;True;False;1;1;1;0,71692;0;0;0;0;129,077
2720;11,40007114;(-0.076, 1.055, -0.161);True;True;(0.139, 0.785, 0.064);(-0.6789, 0.6585, -0.1183);False;True;False;1;1;1;0,7338812;0;0;0;0;112,354
2730;11,54007435;(-0.082, 1.059, -0.169);True;True;(0.064, 0.830, 0.066);(-1.0453, 0.5188, -0.0655);False;True;False;1;1;1;0,7396482;0;0;0;0;171,398
2740;11,68007755;(-0.085, 1.059, -0.173);True;True;(0.006, 0.817, 0.117);(-0.2398, -0.1554, 0.2889);False;True;False;1;1;1;0,7350791;0;0;0;0;170,79
2750;11,82008076;(-0.085, 1.052, -0.168);True;True;(-0.003, 0.818, 0.148);(0.0654, 0.1134, -0.0496);False;False;False;0;0;0;0;0;0;0;0;149,012
2760;11,96008396;(-0.081, 1.046, -0.159);True;True;(0.054, 0.849, 0.115);(0.4963, 0.2390, -0.4583);False;False;False;0;0;0;0;0;0;0;0;142,825
2770;12,10008717;(-0.072, 1.040, -0.153);True;True;(0.143, 0.857, 0.056);(0.9246, -0.2220, -0.5306);False;False;False;0;0;0;0;0;0;0;0;144,84
2775;12,16008854;(-0.066, 1.039, -0.150);True;True;(0.170, 0.840, 0.030);(0.5453, -0.3785, -0.4329);False;False;False;0;0;0;0;0;0;0;0;142,244
2780;12,24009037;(-0.060, 1.037, -0.148);True;True;(0.195, 0.816, 0.017);(0.2121, -0.2582, -0.1049);False;False;False;0;0;0;0;0;0;0;0;144,663
2785;12,30009174;(-0.055, 1.036, -0.145);True;True;(0.213, 0.794, 0.002);(0.3320, -0.4734, -0.2602);False;False;False;0;0;0;0;0;0;0;0;148,74
2790;12,38009357;(-0.050, 1.035, -0.143);True;True;(0.222, 0.785, -0.011);(0.0630, -0.0993, -0.0926);False;False;False;0;0;0;0;0;0;0;0;157,205
2795;12,44009495;(-0.047, 1.033, -0.143);True;True;(0.220, 0.779, -0.012);(-0.1116, -0.1568, 0.0144);False;False;False;0;0;0;0;0;0;0;0;154,196
2805;12,58009815;(-0.043, 1.032, -0.143);True;True;(0.209, 0.714, 0.052);(0.0731, -1.0313, 0.9266);False;False;False;0;0;0;0;0;0;0;0;151,344
2815;12,72010136;(-0.046, 1.033, -0.141);True;True;(0.197, 0.672, 0.091);(-0.2203, 0.0125, 0.0693);False;False;False;0;0;0;0;0;0;0;0;162,269
2825;12,86010456;(-0.052, 1.033, -0.141);True;True;(0.202, 0.657, 0.098);(0.0244, 0.0430, -0.0814);False;True;False;1;0,5123762;0,275893;0,01545054;0;0;0;0;156,697
2835;13,00010777;(-0.059, 1.033, -0.143);True;True;(0.202, 0.705, 0.071);(-0.0161, 0.3803, -0.1949);False;True;False;1;1;0,7578388;0,431258;0;0;0;0;130,212
2845;13,14011097;(-0.064, 1.034, -0.149);True;True;(0.162, 0.803, 0.028);(-0.3474, 0.4211, -0.1088);False;True;False;1;1;1;0,6552246;0;0;0;0;125,713
2855;13,28011417;(-0.067, 1.035, -0.153);True;True;(0.096, 0.835, 0.037);(-0.2925, 0.0290, 0.1324);False;True;False;1;1;1;0,7172003;0;0;0;0;114,854
2860;13,34011555;(-0.069, 1.036, -0.154);True;True;(0.057, 0.834, 0.057);(-0.8335, -0.1701, 0.4813);False;True;False;1;1;0,9815713;0,6731457;0;0;0;0;159,876
2865;13,42011738;(-0.072, 1.036, -0.153);True;True;(0.025, 0.816, 0.092);(-0.4026, -0.2417, 0.3807);False;True;False;1;1;0,9768246;0,6504589;0;0;0;0;152,903
2870;13,48011875;(-0.074, 1.036, -0.152);True;True;(-0.010, 0.789, 0.117);(-0.5795, -0.7230, 0.5498);False;True;False;1;1;1;0,6554625;0;0;0;0;141,023
2875;13,56012058;(-0.078, 1.036, -0.150);True;True;(-0.017, 0.765, 0.140);(-0.0199, -0.1564, 0.3076);False;True;False;1;0,9680055;0,7468159;0,3347847;0;0;0;0;139,641
2880;13,62012196;(-0.081, 1.036, -0.148);True;True;(-0.012, 0.764, 0.147);(0.2217, 0.2759, -0.1854);False;False;False;0;0;0;0;0;0;0;0;126,187
2885;13,70012379;(-0.083, 1.035, -0.147);True;True;(0.001, 0.778, 0.142);(0.1620, 0.1430, -0.0432);False;False;False;0;0;0;0;0;0;0;0;122,156
2890;13,76012516;(-0.084, 1.034, -0.147);True;True;(0.029, 0.806, 0.129);(0.6265, 0.6731, -0.3267);False;False;False;0;0;0;0;0;0;0;0;129,161
2900;13,90012836;(-0.081, 1.034, -0.150);True;True;(0.100, 0.839, 0.086);(0.6999, -0.0357, -0.2720);False;False;False;0;0;0;0;0;0;0;0;141,428
2910;14,04013157;(-0.073, 1.034, -0.151);True;True;(0.162, 0.810, 0.074);(0.6275, -0.6017, 0.2005);False;False;False;0;0;0;0;0;0;0;0;133,89
2920;14,18013477;(-0.063, 1.034, -0.150);True;True;(0.200, 0.741, 0.077);(0.1314, -0.4714, 0.0564);False;False;False;0;0;0;0;0;0;0;0;117,448
2930;14,32013798;(-0.056, 1.034, -0.147);True;True;(0.202, 0.675, 0.097);(-0.0039, -0.2539, 0.0670);False;False;False;0;0;0;0;0;0;0;0;116,729
2940;14,46014118;(-0.056, 1.034, -0.145);True;True;(0.190, 0.646, 0.118);(0.0008, -0.1705, 0.1593);False;False;False;0;0;0;0;0;0;0;0;108,703
2950;14,60014439;(-0.064, 1.034, -0.145);True;True;(0.187, 0.642, 0.128);(-0.0084, 0.0742, -0.0163);False;True;False;1;0,7556154;0,7088934;0,5497237;0;0;0;0;168,597
2955;14,66014576;(-0.069, 1.034, -0.146);True;True;(0.187, 0.652, 0.124);(-0.0145, 0.2154, -0.1118);False;True;False;1;1;0,9229214;0,7455463;0;0;0;0;151,565
2960;14,74014759;(-0.074, 1.036, -0.148);True;True;(0.187, 0.677, 0.110);(-0.0110, 0.4019, -0.2024);False;True;False;1;1;0,9860442;0,8059534;0;0;0;0;155,747
2965;14,80014896;(-0.077, 1.039, -0.151);True;True;(0.185, 0.722, 0.089);(-0.1095, 1.0613, -0.5415);False;True;False;1;1;1;0,8076112;0;0;0;0;177,398
2970;14,88015079;(-0.079, 1.044, -0.155);True;True;(0.182, 0.762, 0.073);(-0.0270, 0.2650, -0.1210);False;True;False;1;1;1;0,8862198;0;0;0;0;189,783
2975;14,94015217;(-0.079, 1.048, -0.161);True;True;(0.181, 0.793, 0.060);(0.0443, 0.4667, -0.1877);False;True;False;1;1;1;0,9611197;0;0;0;0;201,546
2985;15,08015537;(-0.078, 1.053, -0.169);True;True;(0.177, 0.825, 0.052);(-0.0084, 0.1620, -0.0839);False;True;False;1;1;1;0,8756088;0;0;0;0;204,097
2995;15,22015858;(-0.078, 1.055, -0.172);True;True;(0.169, 0.844, 0.051);(-0.2183, 0.2821, -0.0290);False;True;False;1;1;1;0,7978035;0;0;0;0;188,938
3005;15,36016178;(-0.082, 1.052, -0.170);True;True;(0.142, 0.863, 0.049);(-0.1519, 0.0751, 0.0010);False;True;False;1;1;0,9086112;0,7265926;0;0;0;0;156,562
3015;15,50016499;(-0.092, 1.047, -0.166);True;True;(0.102, 0.882, 0.053);(-0.3728, 0.1418, 0.0288);False;True;False;1;1;1;0,7102885;0;0;0;0;143,543
3025;15,64016819;(-0.104, 1.043, -0.163);True;True;(0.023, 0.887, 0.084);(-0.4214, -0.0694, 0.2424);False;True;False;1;1;1;0,791554;0;0;0;0;135,526
3035;15,78017139;(-0.117, 1.040, -0.161);True;True;(-0.059, 0.827, 0.138);(-0.3665, -0.5833, 0.4993);False;True;False;1;1;1;0,8155808;0;0;0;0;133,962
3040;15,84017277;(-0.123, 1.040, -0.159);True;True;(-0.082, 0.789, 0.154);(-0.1818, -0.8133, 0.2538);False;True;False;1;1;1;0,6694795;0;0;0;0;141,769
3045;15,9201746;(-0.128, 1.039, -0.157);True;True;(-0.092, 0.752, 0.169);(-0.0782, -0.2970, 0.1582);False;True;False;1;1;0,9458625;0,4800333;0;0;0;0;145,967
3050;15,98017597;(-0.133, 1.038, -0.155);True;True;(-0.098, 0.745, 0.182);(-0.0177, 0.1300, 0.0241);False;False;False;0;0;0;0;0;0;0;0;164,449
3055;16,06017685;(-0.135, 1.037, -0.153);True;True;(-0.094, 0.753, 0.183);(0.0557, 0.1264, 0.0060);False;False;False;0;0;0;0;0;0;0;0;187,353
3060;16,12017822;(-0.134, 1.036, -0.152);True;True;(-0.084, 0.775, 0.180);(0.2347, 0.5706, -0.1109);False;False;False;0;0;0;0;0;0;0;0;189,155
3065;16,20018005;(-0.131, 1.036, -0.151);True;True;(-0.065, 0.827, 0.163);(0.1723, 0.3248, 0.0665);False;False;False;0;0;0;0;0;0;0;0;184,87
3070;16,26018143;(-0.125, 1.034, -0.151);True;True;(-0.029, 0.851, 0.157);(0.9215, 0.6243, -0.4335);False;False;False;0;0;0;0;0;0;0;0;158,219
3080;16,40018463;(-0.109, 1.034, -0.146);True;True;(0.051, 0.861, 0.113);(0.8590, -0.3128, -0.3032);False;False;False;0;0;0;0;0;0;0;0;146,678
3090;16,54018784;(-0.087, 1.033, -0.138);True;True;(0.127, 0.778, 0.106);(0.4146, -0.5789, 0.2128);False;False;False;0;0;0;0;0;0;0;0;152,802
3100;16,68019104;(-0.066, 1.032, -0.129);True;True;(0.137, 0.701, 0.120);(0.0354, -0.4871, 0.3067);False;False;False;0;0;0;0;0;0;0;0;171,042
3110;16,82019424;(-0.056, 1.031, -0.121);True;True;(0.127, 0.611, 0.173);(-0.1909, -0.1432, 0.0790);False;False;False;0;0;0;0;0;0;0;0;195,833
3120;16,96019745;(-0.058, 1.030, -0.114);True;True;(0.092, 0.601, 0.188);(-0.1895, -0.1182, 0.1788);False;False;False;0;0;0;0;0;0;0;0;208,203
3125;17,02019882;(-0.062, 1.030, -0.112);True;True;(0.071, 0.597, 0.200);(-0.3732, -0.0347, 0.2181);False;False;False;0;0;0;0;0;0;0;0;211,365
3130;17,10020065;(-0.066, 1.029, -0.110);True;True;(0.057, 0.600, 0.196);(-0.0812, 0.0401, -0.0551);False;False;False;0;0;0;0;0;0;0;0;207,622
3135;17,16020203;(-0.071, 1.028, -0.110);True;True;(0.051, 0.603, 0.184);(-0.0795, 0.0280, -0.1705);False;False;False;0;0;0;0;0;0;0;0;201,587
3140;17,24020386;(-0.075, 1.027, -0.111);True;True;(0.054, 0.603, 0.182);(0.0301, 0.0208, -0.0349);False;False;False;0;0;0;0;0;0;0;0;185,363
3145;17,30020523;(-0.078, 1.027, -0.113);True;True;(0.059, 0.605, 0.179);(0.1142, 0.0748, -0.1047);False;False;False;0;0;0;0;0;0;0;0;166,213
3150;17,38020706;(-0.079, 1.027, -0.116);True;True;(0.066, 0.608, 0.174);(0.0678, 0.0358, -0.0372);False;False;False;0;0;0;0;0;0;0;0;147,011
3155;17,44020844;(-0.080, 1.028, -0.118);True;True;(0.073, 0.611, 0.170);(0.1242, 0.0629, -0.0486);False;False;False;0;0;0;0;0;0;0;0;149,211
3160;17,52021027;(-0.081, 1.028, -0.120);True;True;(0.079, 0.615, 0.166);(0.0577, 0.0483, -0.0596);False;False;False;0;0;0;0;0;0;0;0;173,519
3165;17,58021164;(-0.081, 1.029, -0.123);True;True;(0.084, 0.620, 0.158);(0.0892, 0.0762, -0.1119);False;False;False;0;0;0;0;0;0;0;0;187,692
3175;17,72021484;(-0.081, 1.031, -0.129);True;True;(0.100, 0.633, 0.141);(0.2190, 0.1694, -0.2211);False;False;False;0;0;0;0;0;0;0;0;179,189
3185;17,86021805;(-0.078, 1.042, -0.136);True;True;(0.120, 0.652, 0.123);(0.1065, 0.1237, -0.1087);False;False;False;0;0;0;0;0;0;0;0;166,796
3195;18,00022125;(-0.072, 1.051, -0.149);True;True;(0.138, 0.677, 0.092);(0.0800, 0.1167, -0.1424);False;False;False;0;0;0;0;0;0;0;0;170,398
3205;18,14022446;(-0.069, 1.055, -0.160);True;True;(0.150, 0.689, 0.072);(0.0327, 0.0514, -0.0855);False;False;False;0;0;0;0;0;0;0;0;183,625
3215;18,28022766;(-0.067, 1.057, -0.167);True;True;(0.159, 0.695, 0.063);(0.0429, 0.0223, -0.0348);False;False;False;0;0;0;0;0;0;0;0;195,268
3220;18,34022903;(-0.067, 1.056, -0.168);True;True;(0.163, 0.700, 0.057);(0.0799, 0.1188, -0.1645);False;False;False;0;0;0;0;0;0;0;0;202,215
3225;18,42023087;(-0.067, 1.054, -0.168);True;True;(0.167, 0.708, 0.051);(0.0323, 0.0783, -0.0524);False;False;False;0;0;0;0;0;0;0;0;205,787
3230;18,48023224;(-0.067, 1.053, -0.168);True;True;(0.169, 0.715, 0.045);(0.0295, 0.1690, -0.1525);False;False;False;0;0;0;0;0;0;0;0;195,59
3235;18,56023407;(-0.067, 1.051, -0.166);True;True;(0.172, 0.720, 0.038);(0.0230, 0.0350, -0.0574);False;False;False;0;0;0;0;0;0;0;0;167,534
3240;18,62023544;(-0.066, 1.049, -0.165);True;True;(0.175, 0.723, 0.033);(0.0614, 0.0403, -0.0872);False;False;False;0;0;0;0;0;0;0;0;140,205
3250;18,76023865;(-0.064, 1.045, -0.161);True;True;(0.182, 0.727, 0.034);(0.0863, 0.0629, 0.1151);False;False;False;0;0;0;0;0;0;0;0;144,164
3260;18,90024185;(-0.059, 1.043, -0.153);True;True;(0.220, 0.692, 0.107);(0.1905, -0.4387, 0.6873);False;False;False;0;0;0;0;0;0;0;0;176,802
3270;19,04024506;(-0.055, 1.041, -0.140);True;True;(0.219, 0.659, 0.146);(0.0518, -0.2246, 0.2045);False;False;False;0;0;0;0;0;0;0;0;172,583
3280;19,18024826;(-0.054, 1.040, -0.132);True;True;(0.221, 0.642, 0.166);(0.0073, -0.0799, 0.0556);False;False;False;0;0;0;0;0;0;0;0;157,87
3290;19,32025146;(-0.058, 1.038, -0.132);True;True;(0.220, 0.644, 0.164);(0.0191, 0.0485, -0.0281);False;False;False;0;0;0;0;0;0;0;0;161,706
3300;19,46025467;(-0.064, 1.038, -0.138);True;True;(0.213, 0.691, 0.133);(-0.0551, 0.4823, -0.2885);False;True;False;1;1;0,98572;0,6184891;0;0;0;0;178,654
3305;19,52025604;(-0.066, 1.038, -0.143);True;True;(0.189, 0.742, 0.115);(-0.5683, 1.0747, -0.3688);False;True;False;1;1;1;0,8151758;0;0;0;0;192,737
3310;19,60025787;(-0.067, 1.039, -0.149);True;True;(0.155, 0.784, 0.108);(-0.3885, 0.3907, -0.0741);False;True;False;1;1;1;0,8874937;0;0;0;0;200,125
3315;19,66025925;(-0.069, 1.040, -0.153);True;True;(0.103, 0.813, 0.101);(-1.0484, 0.4078, -0.0366);False;True;False;1;1;1;0,8743479;0;0;0;0;201,683
3320;19,74026108;(-0.071, 1.041, -0.157);True;True;(0.057, 0.819, 0.107);(-0.4269, -0.1040, 0.1672);False;True;False;1;1;1;0,8826433;0;0;0;0;180,668
3325;19,80026245;(-0.074, 1.043, -0.158);True;True;(0.023, 0.805, 0.120);(-0.5835, -0.3432, 0.2730);False;True;False;1;1;1;0,910616;0;0;0;0;153,72
3330;19,88026428;(-0.078, 1.044, -0.158);True;True;(0.005, 0.785, 0.137);(-0.1301, -0.0497, -0.0309);False;True;False;1;1;1;0,7877204;0;0;0;0;136,391
3335;19,94026566;(-0.083, 1.044, -0.155);True;True;(0.008, 0.780, 0.146);(0.1112, -0.0443, 0.1919);False;False;False;0;0;0;0;0;0;0;0;153,854
3345;20,08026886;(-0.088, 1.042, -0.151);True;True;(0.040, 0.804, 0.137);(0.5511, 0.2960, -0.1678);False;False;False;0;0;0;0;0;0;0;0;185,155
3355;20,22027206;(-0.087, 1.039, -0.149);True;True;(0.124, 0.796, 0.119);(0.4076, -0.2604, 0.0444);False;False;False;0;0;0;0;0;0;0;0;175,833
3365;20,36027527;(-0.077, 1.037, -0.145);True;True;(0.153, 0.737, 0.117);(-0.0551, -0.2684, 0.0469);False;False;False;0;0;0;0;0;0;0;0;159,968
3375;20,50027847;(-0.067, 1.037, -0.138);True;True;(0.146, 0.671, 0.154);(0.0465, -0.4518, 0.3250);False;False;False;0;0;0;0;0;0;0;0;144,529
3385;20,64028168;(-0.063, 1.037, -0.132);True;True;(0.144, 0.637, 0.192);(-0.0341, -0.0235, 0.0325);False;False;False;0;0;0;0;0;0;0;0;141,8
3390;20,70028305;(-0.064, 1.037, -0.132);True;True;(0.142, 0.637, 0.193);(-0.0256, 0.0621, -0.0717);False;False;False;0;0;0;0;0;0;0;0;152,482
3395;20,78028488;(-0.068, 1.038, -0.133);True;True;(0.145, 0.639, 0.191);(0.0596, 0.0504, -0.0163);False;True;False;1;1;1;0,7924652;0;0;0;0;172,337
3400;20,84028625;(-0.074, 1.037, -0.134);True;True;(0.151, 0.649, 0.183);(0.1487, 0.2580, -0.2095);False;True;False;1;1;1;0,802512;0;0;0;0;198,791
3405;20,92028809;(-0.079, 1.037, -0.137);True;True;(0.158, 0.686, 0.155);(0.0439, 0.5183, -0.3963);False;True;False;1;1;1;0,7516632;0;0;0;0;205,29
3410;20,98028946;(-0.083, 1.036, -0.142);True;True;(0.156, 0.743, 0.124);(-0.0848, 1.0355, -0.3761);False;True;False;1;1;1;0,7695713;0;0;0;0;180,931
3415;21,06029129;(-0.086, 1.036, -0.146);True;True;(0.138, 0.795, 0.105);(-0.3430, 0.5820, -0.2807);False;True;False;1;1;1;0,7711599;0;0;0;0;142,298
3420;21,12029266;(-0.089, 1.037, -0.151);True;True;(0.101, 0.833, 0.094);(-0.7543, 0.7401, -0.1635);False;True;False;1;1;1;0,6408715;0;0;0;0;128,458
3430;21,26029587;(-0.095, 1.039, -0.156);True;True;(0.017, 0.843, 0.105);(-0.8353, -0.2195, 0.1803);False;True;False;1;1;0,923192;0,5625924;0;0;0;0;158,503
3440;21,40029907;(-0.103, 1.041, -0.154);True;True;(-0.050, 0.782, 0.144);(-0.1689, -0.3115, 0.1543);False;True;False;1;1;0,9379331;0,4669304;0;0;0;0;169,892
3450;21,54030228;(-0.111, 1.039, -0.149);True;True;(-0.055, 0.768, 0.165);(0.0874, 0.1313, -0.0122);False;False;False;0;0;0;0;0;0;0;0;189,878
3460;21,68030548;(-0.112, 1.037, -0.147);True;True;(0.004, 0.827, 0.143);(0.4398, 0.2942, -0.2029);False;False;False;0;0;0;0;0;0;0;0;193,1
3470;21,82030869;(-0.104, 1.036, -0.145);True;True;(0.098, 0.832, 0.123);(0.3982, -0.1743, -0.0568);False;False;False;0;0;0;0;0;0;0;0;179,776
3475;21,88031006;(-0.096, 1.035, -0.145);True;True;(0.127, 0.794, 0.122);(0.6680, -1.1274, 0.3851);False;False;False;0;0;0;0;0;0;0;0;169,191
3480;21,96031189;(-0.088, 1.035, -0.143);True;True;(0.150, 0.739, 0.141);(0.2137, -0.5873, 0.2912);False;False;False;0;0;0;0;0;0;0;0;137,839
3485;22,02031326;(-0.079, 1.036, -0.141);True;True;(0.137, 0.700, 0.147);(-0.2050, -0.8562, 0.2724);False;False;False;0;0;0;0;0;0;0;0;139,544
3490;22,10031509;(-0.072, 1.037, -0.137);True;True;(0.127, 0.661, 0.168);(-0.1398, -0.3371, 0.1737);False;False;False;0;0;0;0;0;0;0;0;165,698
3495;22,16031647;(-0.067, 1.037, -0.134);True;True;(0.109, 0.652, 0.177);(-0.2615, -0.1438, 0.1217);False;False;False;0;0;0;0;0;0;0;0;186,696
3500;22,2403183;(-0.065, 1.037, -0.132);True;True;(0.094, 0.647, 0.184);(-0.1054, 0.0013, 0.0542);False;False;False;0;0;0;0;0;0;0;0;204,917
3505;22,30031967;(-0.065, 1.036, -0.131);True;True;(0.087, 0.647, 0.186);(-0.0963, -0.0113, 0.0302);False;False;False;0;0;0;0;0;0;0;0;202,071
3515;22,44032288;(-0.073, 1.036, -0.133);True;True;(0.096, 0.651, 0.181);(0.1793, 0.1419, -0.1409);False;True;False;1;1;0,9928442;0,5772089;0;0;0;0;188,02
3525;22,58032608;(-0.082, 1.036, -0.139);True;True;(0.131, 0.713, 0.136);(0.1214, 0.5536, -0.3768);False;True;False;1;1;0,9623464;0,6126058;0;0;0;0;168,769
3535;22,72032928;(-0.087, 1.037, -0.147);True;True;(0.115, 0.808, 0.100);(-0.2307, 0.3952, -0.1015);False;True;False;1;1;0,9739833;0,5887442;0;0;0;0;168,273
3545;22,86033249;(-0.089, 1.039, -0.154);True;True;(0.044, 0.857, 0.094);(-0.3870, -0.0045, 0.1547);False;True;False;1;1;0,8981526;0,5468767;0;0;0;0;179,812
3555;23,00033569;(-0.091, 1.042, -0.159);True;True;(-0.031, 0.815, 0.125);(-0.3146, -0.2720, 0.2057);False;True;False;1;1;1;0,605953;0;0;0;0;181,711
3560;23,06033707;(-0.092, 1.043, -0.160);True;True;(-0.051, 0.781, 0.145);(-0.2762, -0.6481, 0.5385);False;True;False;1;1;0,8774005;0,4334259;0;0;0;0;186,193
3565;23,1403389;(-0.093, 1.044, -0.159);True;True;(-0.049, 0.768, 0.154);(0.1249, -0.0820, 0.0465);False;False;False;0;0;0;0;0;0;0;0;189,369
3570;23,20034027;(-0.093, 1.043, -0.158);True;True;(-0.038, 0.775, 0.152);(0.2379, 0.1990, -0.0506);False;False;False;0;0;0;0;0;0;0;0;165,12
3575;23,2803421;(-0.091, 1.043, -0.157);True;True;(-0.006, 0.794, 0.140);(0.4971, 0.2957, -0.2314);False;False;False;0;0;0;0;0;0;0;0;124,815
3580;23,34034348;(-0.088, 1.041, -0.156);True;True;(0.049, 0.835, 0.102);(1.1240, 0.6677, -0.6587);False;False;False;0;0;0;0;0;0;0;0;129,316
3585;23,42034531;(-0.084, 1.040, -0.156);True;True;(0.097, 0.860, 0.062);(0.4132, 0.2400, -0.4816);False;False;False;0;0;0;0;0;0;0;0;185,713
3590;23,48034668;(-0.080, 1.039, -0.156);True;True;(0.133, 0.868, 0.035);(0.6213, 0.0640, -0.5808);False;False;False;0;0;0;0;0;0;0;0;187,75
3600;23,62034988;(-0.071, 1.040, -0.157);True;True;(0.182, 0.856, 0.001);(0.3383, -0.2454, -0.2943);False;False;False;0;0;0;0;0;0;0;0;171,335
3610;23,76035309;(-0.063, 1.039, -0.156);True;True;(0.203, 0.833, -0.014);(0.0728, -0.1440, -0.0317);False;False;False;0;0;0;0;0;0;0;0;148,082
3620;23,90035629;(-0.058, 1.038, -0.156);True;True;(0.211, 0.784, 0.023);(0.1378, -0.5114, 0.4805);False;False;False;0;0;0;0;0;0;0;0;127,942
3630;24,0403595;(-0.056, 1.038, -0.152);True;True;(0.215, 0.728, 0.073);(-0.0589, -0.2017, 0.1637);False;False;False;0;0;0;0;0;0;0;0;124,635
3640;24,1803627;(-0.056, 1.036, -0.148);True;True;(0.218, 0.686, 0.102);(-0.0688, -0.0516, 0.0040);False;False;False;0;0;0;0;0;0;0;0;127,877
3645;24,24036407;(-0.057, 1.035, -0.147);True;True;(0.218, 0.676, 0.107);(0.0509, -0.2470, 0.0750);False;False;False;0;0;0;0;0;0;0;0;100,587
3650;24,32036591;(-0.058, 1.035, -0.146);True;True;(0.222, 0.665, 0.112);(0.0566, -0.1477, 0.0506);False;False;False;0;0;0;0;0;0;0;0;96,126
3655;24,38036728;(-0.059, 1.035, -0.145);True;True;(0.222, 0.660, 0.114);(-0.0228, -0.0147, 0.0457);False;False;False;0;0;0;0;0;0;0;0;112,136
3660;24,46036911;(-0.061, 1.035, -0.145);True;True;(0.220, 0.657, 0.118);(-0.0164, -0.0430, 0.0634);False;True;False;1;1;0,5762038;0,08071142;0;0;0;0;166,731
3665;24,52037048;(-0.064, 1.034, -0.146);True;True;(0.215, 0.656, 0.122);(-0.1324, 0.0071, 0.0571);False;True;False;1;1;0,647693;0,1369923;0;0;0;0;167,914
3670;24,60037231;(-0.066, 1.034, -0.146);True;True;(0.199, 0.660, 0.124);(-0.2016, 0.0404, 0.0390);False;True;False;1;1;0,6846458;0,1804995;0;0;0;0;163,551
3675;24,66037369;(-0.069, 1.034, -0.147);True;True;(0.170, 0.665, 0.130);(-0.7691, 0.2269, 0.0821);False;True;False;1;0,996252;0,6644009;0,2133874;0;0;0;0;154,204
3685;24,80037689;(-0.076, 1.035, -0.147);True;True;(0.088, 0.681, 0.136);(-0.8848, 0.2054, -0.0382);False;True;False;1;1;0,809841;0,3620789;0;0;0;0;151,904
3695;24,9403801;(-0.083, 1.036, -0.147);True;True;(0.020, 0.686, 0.136);(-0.4736, -0.0984, 0.0486);False;True;False;1;1;0,918458;0,5467328;0;0;0;0;159,312
3705;25,0803833;(-0.089, 1.035, -0.145);True;True;(0.007, 0.685, 0.144);(0.0416, 0.0222, 0.0242);False;True;False;1;0,8710681;0,735296;0,3827853;0;0;0;0;167,108
3715;25,22038651;(-0.090, 1.034, -0.142);True;True;(0.041, 0.707, 0.139);(0.3413, 0.1698, -0.0403);False;True;False;0,7563161;0,6206551;0,440116;0,0829913;0;0;0;0;176,253
3725;25,36038971;(-0.085, 1.033, -0.139);True;True;(0.108, 0.716, 0.136);(0.2700, 0.0335, -0.0258);False;True;False;0,7114651;0,4589044;0,3100612;0;0;0;0;0;179,594
3735;25,50039291;(-0.079, 1.032, -0.136);True;True;(0.142, 0.714, 0.131);(0.0594, -0.0106, -0.0215);False;True;False;0,7217964;0,4206196;0,2732238;0;0;0;0;0;152,974
3740;25,56039429;(-0.076, 1.032, -0.134);True;True;(0.146, 0.713, 0.131);(0.0634, -0.0218, 0.0325);False;True;False;0,7274964;0,420284;0,2406669;0;0;0;0;0;118,048
3745;25,64039612;(-0.074, 1.032, -0.133);True;True;(0.150, 0.707, 0.140);(0.0516, -0.0859, 0.1262);False;True;False;0,7171872;0,4087759;0,228402;0;0;0;0;0;103,837
3750;25,70039749;(-0.074, 1.032, -0.130);True;True;(0.155, 0.699, 0.153);(0.0797, -0.1798, 0.2869);False;True;False;0,6519706;0,3304266;0,174694;0;0;0;0;0;135,275
3755;25,78039932;(-0.074, 1.032, -0.128);True;True;(0.157, 0.686, 0.173);(0.0611, -0.1412, 0.2354);False;False;False;0;0;0;0;0;0;0;0;164,695
3760;25,8404007;(-0.076, 1.032, -0.125);True;True;(0.159, 0.679, 0.183);(-0.0308, 0.0065, 0.0042);False;False;False;0;0;0;0;0;0;0;0;154,163
3770;25,9804039;(-0.079, 1.031, -0.124);True;True;(0.127, 0.678, 0.180);(-0.4985, 0.0801, -0.2074);False;False;False;0;0;0;0;0;0;0;0;146,341
3780;26,1204071;(-0.082, 1.030, -0.127);True;True;(0.079, 0.686, 0.164);(-0.1901, 0.0694, -0.1527);False;False;False;0;0;0;0;0;0;0;0;139,406
3790;26,26041031;(-0.086, 1.030, -0.130);True;True;(0.087, 0.699, 0.161);(0.1404, 0.0651, -0.0207);False;False;False;0;0;0;0;0;0;0;0;148,329
3800;26,40041351;(-0.086, 1.033, -0.133);True;True;(0.112, 0.698, 0.153);(0.0872, -0.0924, -0.0166);False;False;False;0;0;0;0;0;0;0;0;148,143
3810;26,54041672;(-0.081, 1.043, -0.136);True;True;(0.125, 0.669, 0.159);(-0.0067, -0.0898, 0.0049);False;False;False;0;0;0;0;0;0;0;0;153,436
3820;26,68041992;(-0.079, 1.048, -0.140);True;True;(0.126, 0.664, 0.161);(-0.0105, 0.0314, 0.0056);False;True;False;1;1;0,9174562;0,3421781;0;0;0;0;155,52
3825;26,7404213;(-0.079, 1.049, -0.143);True;True;(0.122, 0.671, 0.160);(-0.1039, 0.1114, -0.0251);False;True;False;1;1;1;0,5272399;0;0;0;0;142,875
3830;26,82042313;(-0.080, 1.049, -0.146);True;True;(0.105, 0.683, 0.157);(-0.2303, 0.1073, -0.0052);False;True;False;1;1;1;0,6624135;0;0;0;0;120,066
3835;26,8804245;(-0.081, 1.049, -0.149);True;True;(0.074, 0.694, 0.152);(-0.6435, 0.1745, -0.0583);False;True;False;1;1;1;0,7896498;0;0;0;0;103,917
3840;26,96042633;(-0.082, 1.051, -0.152);True;True;(0.038, 0.696, 0.149);(-0.3833, 0.0022, -0.0567);False;True;False;1;1;1;0,8696582;0;0;0;0;177,828
3845;27,0204277;(-0.083, 1.052, -0.154);True;True;(0.012, 0.691, 0.151);(-0.4828, -0.1120, 0.0716);False;True;False;1;1;1;0,8359795;0;0;0;0;154,853
3850;27,10042953;(-0.084, 1.053, -0.155);True;True;(0.002, 0.689, 0.153);(-0.0352, -0.0221, 0.0172);False;True;False;1;0,9495752;0,7970648;0,4714472;0;0;0;0;133,741
3855;27,16043091;(-0.085, 1.053, -0.156);True;True;(0.004, 0.690, 0.155);(0.0983, 0.0143, 0.0648);False;False;False;0;0;0;0;0;0;0;0;119,965
3865;27,30043411;(-0.084, 1.053, -0.156);True;True;(0.040, 0.699, 0.155);(0.7029, 0.1415, -0.0378);False;False;False;0;0;0;0;0;0;0;0;112,611
3875;27,44043732;(-0.079, 1.053, -0.156);True;True;(0.111, 0.710, 0.146);(0.3529, -0.0014, -0.0277);False;False;False;0;0;0;0;0;0;0;0;118,645
3885;27,58044052;(-0.073, 1.051, -0.155);True;True;(0.157, 0.709, 0.138);(0.1881, -0.0468, -0.0027);False;False;False;0;0;0;0;0;0;0;0;125,031
3895;27,72044373;(-0.070, 1.047, -0.148);True;True;(0.164, 0.703, 0.141);(-0.0329, -0.0338, 0.0393);False;False;False;0;0;0;0;0;0;0;0;129,881
3905;27,86044693;(-0.070, 1.045, -0.140);True;True;(0.149, 0.676, 0.165);(-0.0757, -0.2121, 0.1669);False;False;False;0;0;0;0;0;0;0;0;163,516
3910;27,9204483;(-0.071, 1.045, -0.135);True;True;(0.140, 0.654, 0.183);(-0.1472, -0.4875, 0.4192);False;False;False;0;0;0;0;0;0;0;0;207,092
3915;28,00045013;(-0.072, 1.044, -0.131);True;True;(0.139, 0.630, 0.204);(-0.0275, -0.1897, 0.1855);False;False;False;0;0;0;0;0;0;0;0;216,948
3920;28,06045151;(-0.074, 1.044, -0.129);True;True;(0.136, 0.626, 0.210);(-0.0345, 0.0808, 0.0286);False;True;False;0,6072876;0,6793651;1;0,7144808;0;0;0;0;182,381
3925;28,14045334;(-0.077, 1.045, -0.129);True;True;(0.137, 0.629, 0.212);(0.0447, 0.0739, -0.0115);False;True;False;1;1;1;0,8548688;0;0;0;0;133,13
3930;28,20045471;(-0.080, 1.045, -0.130);True;True;(0.142, 0.636, 0.211);(0.1107, 0.1997, -0.0258);False;True;False;1;1;0,9174139;0,7330238;0;0;0;0;160,69
3935;28,28045654;(-0.083, 1.046, -0.133);True;True;(0.152, 0.664, 0.198);(0.1216, 0.4560, -0.2689);False;True;False;1;1;0,8080727;0,5823181;0;0;0;0;189,288
3940;28,34045792;(-0.082, 1.047, -0.139);True;True;(0.155, 0.723, 0.178);(-0.0247, 1.2443, -0.2442);False;True;False;1;1;0,9510463;0,6003394;0;0;0;0;182,818
3950;28,48046112;(-0.076, 1.052, -0.154);True;True;(0.095, 0.815, 0.145);(-0.6421, 0.5068, -0.1761);False;True;False;1;1;0,9451135;0,5833008;0;0;0;0;174,56
3960;28,62046432;(-0.071, 1.057, -0.167);True;True;(0.025, 0.811, 0.156);(-0.3316, -0.1724, 0.1477);False;True;False;1;1;1;0,6405064;0;0;0;0;169,714
3970;28,76046753;(-0.071, 1.061, -0.169);True;True;(0.022, 0.794, 0.172);(0.0863, 0.0508, -0.0158);False;False;False;0;0;0;0;0;0;0;0;192,743
3980;28,90047073;(-0.072, 1.062, -0.168);True;True;(0.096, 0.815, 0.161);(0.6226, 0.1773, -0.2093);False;False;False;0;0;0;0;0;0;0;0;213,273
3990;29,04047394;(-0.067, 1.061, -0.169);True;True;(0.200, 0.810, 0.131);(0.4104, -0.1230, -0.1024);False;False;False;0;0;0;0;0;0;0;0;177,144
4000;29,18047714;(-0.058, 1.057, -0.170);True;True;(0.253, 0.758, 0.128);(0.0861, -0.1334, -0.1419);False;False;False;0;0;0;0;0;0;0;0;126,314
4005;29,24047852;(-0.055, 1.053, -0.166);True;True;(0.252, 0.747, 0.120);(-0.1911, -0.0192, -0.2877);False;False;False;0;0;0;0;0;0;0;0;152,102
4010;29,32048035;(-0.051, 1.048, -0.161);True;True;(0.243, 0.736, 0.116);(-0.0933, -0.1581, -0.0601);False;False;False;0;0;0;0;0;0;0;0;196,57
4015;29,38048172;(-0.047, 1.046, -0.154);True;True;(0.231, 0.716, 0.118);(-0.1852, -0.4396, 0.1477);False;False;False;0;0;0;0;0;0;0;0;182,258
4020;29,46048355;(-0.045, 1.043, -0.147);True;True;(0.229, 0.693, 0.130);(0.0115, -0.2557, 0.1589);False;False;False;0;0;0;0;0;0;0;0;163,681
4025;29,52048492;(-0.044, 1.041, -0.141);True;True;(0.235, 0.671, 0.145);(0.2730, -0.6004, 0.4173);False;False;False;0;0;0;0;0;0;0;0;159,86
4030;29,60048676;(-0.044, 1.040, -0.137);True;True;(0.247, 0.656, 0.155);(0.0201, 0.0653, -0.0791);False;False;False;0;0;0;0;0;0;0;0;173,537
4035;29,66048813;(-0.045, 1.039, -0.134);True;True;(0.257, 0.648, 0.159);(0.2345, -0.1873, 0.1827);False;False;False;0;0;0;0;0;0;0;0;191,566
4045;29,80049133;(-0.050, 1.038, -0.136);True;True;(0.269, 0.651, 0.157);(0.1107, 0.1009, 0.0041);False;True;False;1;1;1;1;0;0;0;0;202,564
4055;29,94049454;(-0.058, 1.038, -0.142);True;True;(0.265, 0.686, 0.141);(-0.0931, 0.3272, -0.1668);False;True;False;1;1;1;0,8977607;0;0;0;0;202,726
4065;30,08049774;(-0.067, 1.038, -0.149);True;True;(0.200, 0.784, 0.105);(-0.2321, 0.3507, -0.0263);False;True;False;1;1;0,9455921;0,6161534;0;0;0;0;149,756
4075;30,22050095;(-0.079, 1.039, -0.156);True;True;(0.134, 0.833, 0.091);(-0.4026, 0.1084, 0.0101);False;True;False;1;1;0,9626787;0,5803916;0;0;0;0;111,308
4080;30,28050232;(-0.084, 1.039, -0.158);True;True;(0.084, 0.834, 0.093);(-1.1670, -0.0183, -0.0426);False;True;False;1;0,9989684;0,7652128;0,4946222;0;0;0;0;120,446
4085;30,36050415;(-0.087, 1.039, -0.160);True;True;(0.033, 0.819, 0.100);(-0.4039, -0.2176, 0.0645);False;True;False;1;1;0,8049002;0,5431516;0;0;0;0;187,952
4090;30,42050552;(-0.091, 1.039, -0.160);True;True;(0.009, 0.789, 0.123);(-0.4426, -0.5495, 0.2535);False;True;False;1;1;0,7732565;0,510864;0;0;0;0;166,31
4095;30,50050735;(-0.094, 1.039, -0.158);True;True;(0.002, 0.771, 0.142);(0.0441, -0.0170, 0.1411);False;True;False;0,2221363;0;0;0;0;0;0;0;147,269
4100;30,56050873;(-0.096, 1.039, -0.155);True;True;(0.010, 0.782, 0.141);(0.2184, 0.2575, -0.0886);False;False;False;0;0;0;0;0;0;0;0;134,856
4105;30,64051056;(-0.096, 1.038, -0.153);True;True;(0.029, 0.798, 0.135);(0.2985, 0.1567, -0.0739);False;False;False;0;0;0;0;0;0;0;0;125,144
4110;30,70051193;(-0.094, 1.036, -0.151);True;True;(0.072, 0.819, 0.118);(0.9265, 0.3758, -0.3432);False;False;False;0;0;0;0;0;0;0;0;124,995
4120;30,84051514;(-0.086, 1.034, -0.151);True;True;(0.142, 0.840, 0.073);(0.5466, -0.1342, -0.1930);False;False;False;0;0;0;0;0;0;0;0;124,774
4130;30,98051834;(-0.077, 1.033, -0.151);True;True;(0.187, 0.812, 0.044);(0.2071, -0.2054, -0.0713);False;False;False;0;0;0;0;0;0;0;0;124,387
4140;31,12052155;(-0.067, 1.031, -0.149);True;True;(0.199, 0.779, 0.035);(0.0223, -0.1665, -0.0421);False;False;False;0;0;0;0;0;0;0;0;126,513
4150;31,26052475;(-0.061, 1.030, -0.147);True;True;(0.197, 0.733, 0.066);(-0.0037, -0.3687, 0.3539);False;False;False;0;0;0;0;0;0;0;0;127,004
4160;31,40052795;(-0.059, 1.029, -0.141);True;True;(0.178, 0.677, 0.123);(-0.1284, -0.1596, 0.2344);False;False;False;0;0;0;0;0;0;0;0;130,098
4165;31,46052933;(-0.060, 1.030, -0.138);True;True;(0.169, 0.654, 0.151);(-0.3307, -0.3002, 0.4074);False;False;False;0;0;0;0;0;0;0;0;187,613
4170;31,54053116;(-0.061, 1.030, -0.136);True;True;(0.158, 0.643, 0.165);(-0.0804, -0.1081, 0.0522);False;False;False;0;0;0;0;0;0;0;0;209,404
4175;31,60053253;(-0.064, 1.030, -0.135);True;True;(0.148, 0.642, 0.166);(-0.0995, -0.0011, 0.0398);False;False;False;0;0;0;0;0;0;0;0;192,196
4180;31,68053436;(-0.069, 1.030, -0.135);True;True;(0.149, 0.643, 0.168);(0.0364, 0.0300, 0.0161);False;False;False;0;0;0;0;0;0;0;0;156,34
4185;31,74053574;(-0.073, 1.030, -0.135);True;True;(0.154, 0.651, 0.164);(0.0702, 0.1967, -0.1342);False;True;False;1;0,9418811;0,6289817;0,1060533;0;0;0;0;122,409
4190;31,82053757;(-0.076, 1.029, -0.137);True;True;(0.151, 0.689, 0.142);(-0.0672, 0.5011, -0.2824);False;True;False;1;0,8698731;0,662693;0,1937725;0;0;0;0;105,018
4195;31,88053894;(-0.077, 1.029, -0.140);True;True;(0.140, 0.746, 0.124);(-0.2752, 1.0665, -0.2118);False;True;False;1;0,9153683;0,6799318;0,2368692;0;0;0;0;106,53
4205;32,02054214;(-0.077, 1.031, -0.147);True;True;(0.084, 0.802, 0.107);(-0.9430, 0.3745, -0.1298);False;True;False;1;1;0,8312088;0,5006458;0;0;0;0;137,377
4215;32,16054535;(-0.079, 1.034, -0.150);True;True;(0.011, 0.781, 0.115);(-0.4993, -0.4460, 0.2062);False;True;False;1;0,8977724;0,6755654;0,3758376;0;0;0;0;187,507
4225;32,30054855;(-0.086, 1.033, -0.142);True;True;(0.016, 0.775, 0.137);(0.1496, 0.1616, -0.0511);False;False;False;0;0;0;0;0;0;0;0;162,214
4235;32,44055176;(-0.088, 1.028, -0.135);True;True;(0.098, 0.790, 0.127);(0.5272, -0.1104, 0.0552);False;False;False;0;0;0;0;0;0;0;0;133,693
4245;32,58055496;(-0.081, 1.027, -0.130);True;True;(0.153, 0.727, 0.152);(0.0455, -0.4250, 0.1729);False;False;False;0;0;0;0;0;0;0;0;167,638
4255;32,72055817;(-0.069, 1.028, -0.124);True;True;(0.120, 0.665, 0.180);(-0.1315, -0.2947, 0.2439);False;False;False;0;0;0;0;0;0;0;0;195,794
4260;32,78055954;(-0.065, 1.029, -0.122);True;True;(0.105, 0.647, 0.197);(-0.2442, -0.3826, 0.3930);False;False;False;0;0;0;0;0;0;0;0;203,772
4265;32,86056137;(-0.063, 1.030, -0.121);True;True;(0.093, 0.643, 0.201);(-0.1113, 0.0078, 0.0346);False;False;False;0;0;0;0;0;0;0;0;204,996
4270;32,92056274;(-0.063, 1.030, -0.122);True;True;(0.088, 0.643, 0.200);(-0.0600, 0.0188, -0.0647);False;False;False;0;0;0;0;0;0;0;0;204,738
4275;33,00056458;(-0.066, 1.030, -0.123);True;True;(0.092, 0.644, 0.199);(0.0788, 0.0529, -0.0206);False;True;False;1;0,6453053;0,6791127;0,4491024;0;0;0;0;202,014
4280;33,06056595;(-0.070, 1.030, -0.125);True;True;(0.101, 0.654, 0.191);(0.2336, 0.3313, -0.2935);False;True;False;1;0,8841745;0,8145965;0,527111;0;0;0;0;200,324
4290;33,20056915;(-0.076, 1.030, -0.132);True;True;(0.128, 0.731, 0.129);(0.1248, 0.6319, -0.4225);False;True;False;1;0,7875881;0,7303699;0,4845803;0;0;0;0;198,318
4300;33,34057236;(-0.076, 1.031, -0.140);True;True;(0.088, 0.787, 0.113);(-0.6453, 0.3257, -0.0550);False;True;False;1;0,7108907;0,580187;0,2525901;0;0;0;0;179,358
4310;33,48057556;(-0.075, 1.034, -0.144);True;True;(0.023, 0.773, 0.129);(-0.1967, -0.0921, 0.1157);False;False;False;0;0;0;0;0;0;0;0;141,351
4320;33,62057877;(-0.075, 1.033, -0.137);True;True;(0.038, 0.783, 0.125);(0.2886, 0.1452, -0.2193);False;False;False;0;0;0;0;0;0;0;0;124,268
4330;33,76058197;(-0.069, 1.028, -0.132);True;True;(0.156, 0.790, 0.088);(0.5577, -0.1147, -0.1403);False;False;False;0;0;0;0;0;0;0;0;145,853
4340;33,90058517;(-0.058, 1.024, -0.128);True;True;(0.211, 0.722, 0.083);(0.1463, -0.4736, 0.0545);False;False;False;0;0;0;0;0;0;0;0;167,657
4345;33,96058655;(-0.052, 1.023, -0.125);True;True;(0.223, 0.688, 0.102);(0.1441, -0.4941, 0.3925);False;False;False;0;0;0;0;0;0;0;0;154,163
4350;34,04058838;(-0.046, 1.023, -0.121);True;True;(0.225, 0.664, 0.125);(0.1178, -0.2819, 0.3125);False;False;False;0;0;0;0;0;0;0;0;154,013
4355;34,10058975;(-0.042, 1.023, -0.118);True;True;(0.230, 0.648, 0.152);(0.0566, -0.2430, 0.5074);False;False;False;0;0;0;0;0;0;0;0;162,914
4360;34,18059158;(-0.039, 1.023, -0.116);True;True;(0.234, 0.635, 0.170);(0.0383, -0.1388, 0.1788);False;False;False;0;0;0;0;0;0;0;0;177,973
4365;34,24059296;(-0.039, 1.023, -0.114);True;True;(0.235, 0.631, 0.179);(0.0060, 0.0118, 0.0931);False;False;False;0;0;0;0;0;0;0;0;182,705
4370;34,32059479;(-0.041, 1.023, -0.115);True;True;(0.235, 0.633, 0.177);(-0.0076, 0.0323, -0.0305);False;True;False;1;0,4670553;0,6001912;0,5883282;0;0;0;0;190,101
4375;34,38059616;(-0.045, 1.023, -0.116);True;True;(0.236, 0.633, 0.171);(0.0463, -0.0051, -0.1077);False;True;False;1;0,8832853;0,782872;0,6889279;0;0;0;0;194,539
4385;34,52059937;(-0.053, 1.024, -0.125);True;True;(0.227, 0.678, 0.110);(-0.2670, 0.8122, -0.7237);False;True;False;1;1;1;0,9775428;0;0;0;0;197,04
4395;34,66060257;(-0.063, 1.028, -0.137);True;True;(0.202, 0.749, 0.065);(-0.2407, 0.3432, -0.1376);False;True;False;1;1;1;0,8726266;0;0;0;0;190,604
4405;34,80060577;(-0.071, 1.032, -0.149);True;True;(0.112, 0.799, 0.061);(-0.4682, 0.1091, 0.0224);False;True;False;1;1;1;0,7679205;0;0;0;0;176,675
4415;34,94060898;(-0.079, 1.036, -0.156);True;True;(0.020, 0.784, 0.088);(-0.3347, -0.2360, 0.2760);False;True;False;1;1;1;0,7828324;0;0;0;0;157,119
4425;35,08061218;(-0.087, 1.038, -0.155);True;True;(0.009, 0.758, 0.130);(0.1071, 0.0448, 0.0404);False;False;False;0;0;0;0;0;0;0;0;159,775
4430;35,14061356;(-0.090, 1.037, -0.153);True;True;(0.024, 0.767, 0.126);(0.3373, 0.2440, -0.0994);False;False;False;0;0;0;0;0;0;0;0;168,963
4435;35,22061539;(-0.091, 1.036, -0.152);True;True;(0.055, 0.791, 0.109);(0.4420, 0.3439, -0.2755);False;False;False;0;0;0;0;0;0;0;0;173,174
4440;35,28061676;(-0.092, 1.035, -0.151);True;True;(0.099, 0.826, 0.082);(0.8679, 0.6602, -0.5416);False;False;False;0;0;0;0;0;0;0;0;175,247
4445;35,36061859;(-0.090, 1.033, -0.151);True;True;(0.133, 0.848, 0.057);(0.2783, 0.0806, -0.1295);False;False;False;0;0;0;0;0;0;0;0;177,9
4450;35,42061996;(-0.087, 1.032, -0.151);True;True;(0.154, 0.857, 0.039);(0.3434, 0.1389, -0.2896);False;False;False;0;0;0;0;0;0;0;0;178,783
4455;35,5006218;(-0.083, 1.032, -0.150);True;True;(0.168, 0.858, 0.033);(0.1392, -0.0353, -0.0336);False;False;False;0;0;0;0;0;0;0;0;178,755
4460;35,56062317;(-0.080, 1.032, -0.149);True;True;(0.177, 0.858, 0.028);(0.1310, 0.0018, -0.1323);False;False;False;0;0;0;0;0;0;0;0;177,998
4470;35,70062637;(-0.075, 1.031, -0.147);True;True;(0.183, 0.848, 0.026);(0.0020, -0.2424, 0.0867);False;False;False;0;0;0;0;0;0;0;0;176,388
4480;35,84062958;(-0.072, 1.029, -0.146);True;True;(0.187, 0.776, 0.091);(0.1464, -0.6414, 0.6066);False;False;False;0;0;0;0;0;0;0;0;177,9
4490;35,98063278;(-0.073, 1.029, -0.141);True;True;(0.174, 0.694, 0.132);(-0.2739, -0.1823, -0.2668);False;False;False;0;0;0;0;0;0;0;0;200,76
4500;36,12063599;(-0.073, 1.027, -0.137);True;True;(0.177, 0.665, 0.122);(0.0184, -0.0143, -0.0697);False;False;False;0;0;0;0;0;0;0;0;215,211
4510;36,26063919;(-0.073, 1.025, -0.137);True;True;(0.180, 0.679, 0.116);(-0.0193, 0.1709, -0.0584);False;True;False;1;0,7201167;0,4346535;0,1568017;0;0;0;0;220,918
4515;36,32064056;(-0.074, 1.025, -0.139);True;True;(0.179, 0.708, 0.112);(-0.0183, 0.6086, -0.0775);False;True;False;1;0,8913587;0,6947134;0,5603868;0;0;0;0;207,154
4520;36,4006424;(-0.074, 1.026, -0.141);True;True;(0.161, 0.760, 0.098);(-0.4288, 0.5729, -0.1305);False;True;False;1;0,9393823;1;0,9580151;0;0;0;0;191,25
4525;36,46064377;(-0.074, 1.027, -0.143);True;True;(0.126, 0.790, 0.096);(-0.6995, 0.4006, -0.0424);False;True;False;1;1;1;0,83406;0;0;0;0;183,463
4530;36,5406456;(-0.075, 1.028, -0.144);True;True;(0.088, 0.803, 0.092);(-0.3332, 0.0886, -0.0081);False;True;False;1;1;1;0,8573141;0;0;0;0;165,601
4535;36,60064697;(-0.077, 1.029, -0.145);True;True;(0.056, 0.801, 0.092);(-0.6873, -0.1300, -0.0292);False;True;False;1;1;1;0,8163499;0;0;0;0;155,437
4540;36,6806488;(-0.080, 1.029, -0.145);True;True;(0.017, 0.781, 0.101);(-0.2734, -0.3046, 0.1546);False;True;False;1;1;1;0,7915685;0;0;0;0;156,726
4545;36,74065018;(-0.083, 1.030, -0.144);True;True;(0.000, 0.751, 0.120);(-0.1648, -0.6351, 0.5141);False;True;False;1;1;0,8948632;0,5916219;0;0;0;0;164,375
4555;36,88065338;(-0.089, 1.029, -0.140);True;True;(0.017, 0.755, 0.127);(0.2444, 0.1916, -0.0437);False;False;False;0;0;0;0;0;0;0;0;140,169
4565;37,02065659;(-0.089, 1.027, -0.138);True;True;(0.091, 0.786, 0.124);(0.4593, 0.0093, 0.0657);False;False;False;0;0;0;0;0;0;0;0;151,055
4575;37,16065979;(-0.083, 1.027, -0.138);True;True;(0.140, 0.734, 0.140);(0.0659, -0.3254, 0.1087);False;False;False;0;0;0;0;0;0;0;0;167,281
4585;37,30066299;(-0.075, 1.029, -0.137);True;True;(0.128, 0.667, 0.165);(-0.1063, -0.2454, 0.1804);False;False;False;0;0;0;0;0;0;0;0;201,297
4595;37,4406662;(-0.074, 1.030, -0.136);True;True;(0.115, 0.657, 0.173);(-0.0119, 0.0091, 0.0361);False;False;False;0;0;0;0;0;0;0;0;207,542
4600;37,50066757;(-0.077, 1.030, -0.136);True;True;(0.118, 0.661, 0.175);(0.0700, 0.1420, 0.0058);False;True;False;1;1;0,9605749;0,6311098;0;0;0;0;206,952
4605;37,5806694;(-0.079, 1.029, -0.136);True;True;(0.122, 0.675, 0.170);(0.0401, 0.2292, -0.1344);False;True;False;1;1;1;0,7403373;0;0;0;0;206,8
4610;37,64067078;(-0.081, 1.029, -0.137);True;True;(0.121, 0.713, 0.147);(-0.1031, 0.9525, -0.6214);False;True;False;1;1;1;0,9380612;0;0;0;0;207,659
4615;37,72067261;(-0.082, 1.028, -0.140);True;True;(0.112, 0.749, 0.133);(-0.0770, 0.3056, -0.1181);False;True;False;1;1;1;0,8391675;0;0;0;0;205,093
4620;37,78067398;(-0.081, 1.029, -0.143);True;True;(0.087, 0.782, 0.114);(-0.8074, 0.7902, -0.5491);False;True;False;1;1;1;0,8217918;0;0;0;0;197,971
4625;37,86067581;(-0.080, 1.030, -0.146);True;True;(0.050, 0.794, 0.106);(-0.3159, -0.0619, 0.0437);False;True;False;1;1;1;0,7865755;0;0;0;0;187,582
4630;37,92067719;(-0.080, 1.032, -0.148);True;True;(0.025, 0.779, 0.113);(-0.4631, -0.3245, 0.1449);False;True;False;1;1;1;0,6844631;0;0;0;0;161,388
4640;38,06068039;(-0.081, 1.033, -0.146);True;True;(0.018, 0.769, 0.126);(0.1767, 0.0906, 0.0187);False;False;False;0;0;0;0;0;0;0;0;130,118
4650;38,20068359;(-0.079, 1.031, -0.143);True;True;(0.104, 0.791, 0.117);(1.2734, 0.1767, -0.1671);False;False;False;0;0;0;0;0;0;0;0;121,296
4660;38,3406868;(-0.071, 1.029, -0.141);True;True;(0.192, 0.752, 0.109);(0.2443, -0.3480, 0.0068);False;False;False;0;0;0;0;0;0;0;0;130,621
4670;38,48069;(-0.060, 1.028, -0.140);True;True;(0.204, 0.693, 0.111);(0.0711, -0.3196, 0.1067);False;False;False;0;0;0;0;0;0;0;0;192,947
4680;38,62069321;(-0.053, 1.028, -0.140);True;True;(0.216, 0.642, 0.142);(-0.0360, -0.0263, 0.0533);False;False;False;0;0;0;0;0;0;0;0;199,768
4685;38,68069458;(-0.055, 1.029, -0.140);True;True;(0.214, 0.638, 0.144);(-0.0343, -0.0502, -0.0231);False;False;False;0;0;0;0;0;0;0;0;201,578
4690;38,76069641;(-0.059, 1.029, -0.140);True;True;(0.214, 0.642, 0.142);(-0.0017, 0.0696, -0.0290);False;True;False;1;1;0,9337345;0,626687;0;0;0;0;202,262
4695;38,82069778;(-0.063, 1.029, -0.140);True;True;(0.210, 0.658, 0.132);(-0.1295, 0.4730, -0.3178);False;True;False;1;1;1;0,728934;0;0;0;0;202,377
4700;38,90069962;(-0.068, 1.029, -0.143);True;True;(0.196, 0.699, 0.103);(-0.1979, 0.5261, -0.3813);False;True;False;1;1;1;0,8612627;0;0;0;0;202,513
4705;38,96070099;(-0.072, 1.030, -0.147);True;True;(0.168, 0.747, 0.082);(-0.5566, 0.7313, -0.1646);False;True;False;1;1;1;0,9523758;0;0;0;0;200,814
4710;39,04070282;(-0.075, 1.031, -0.151);True;True;(0.136, 0.778, 0.082);(-0.3393, 0.2479, 0.0324);False;True;False;1;1;1;0,944726;0;0;0;0;184,525
4715;39,10070419;(-0.078, 1.033, -0.155);True;True;(0.083, 0.802, 0.076);(-1.1629, 0.3085, -0.1614);False;True;False;1;1;1;0,8633197;0;0;0;0;155,069
4725;39,2407074;(-0.083, 1.036, -0.161);True;True;(0.005, 0.773, 0.099);(-0.5647, -0.3889, 0.2684);False;True;False;1;1;1;0,7334572;0;0;0;0;130,083
4735;39,3807106;(-0.089, 1.038, -0.156);True;True;(-0.004, 0.754, 0.121);(0.1975, 0.1613, -0.0151);False;False;False;0;0;0;0;0;0;0;0;127,499
4745;39,52071381;(-0.090, 1.034, -0.153);True;True;(0.039, 0.803, 0.097);(0.3462, 0.4289, -0.2396);False;False;False;0;0;0;0;0;0;0;0;158,601
4755;39,66071701;(-0.085, 1.032, -0.154);True;True;(0.106, 0.859, 0.047);(0.3384, 0.1643, -0.1769);False;False;False;0;0;0;0;0;0;0;0;191,657
4765;39,80072021;(-0.078, 1.033, -0.156);True;True;(0.147, 0.871, 0.008);(0.1028, -0.0060, -0.1665);False;False;False;0;0;0;0;0;0;0;0;201,08
4770;39,86072159;(-0.074, 1.033, -0.157);True;True;(0.156, 0.866, 0.000);(0.1731, -0.1591, -0.1472);False;False;False;0;0;0;0;0;0;0;0;202,145
4775;39,94072342;(-0.071, 1.033, -0.156);True;True;(0.164, 0.860, -0.007);(0.0790, -0.0750, -0.0796);False;False;False;0;0;0;0;0;0;0;0;199,61
4780;40,00072479;(-0.069, 1.033, -0.156);True;True;(0.170, 0.855, -0.011);(0.0790, -0.1083, -0.0290);False;False;False;0;0;0;0;0;0;0;0;179,218
4785;40,08072662;(-0.068, 1.032, -0.155);True;True;(0.171, 0.850, -0.011);(0.0048, -0.0417, 0.0190);False;False;False;0;0;0;0;0;0;0;0;173,918
4790;40,140728;(-0.067, 1.031, -0.155);True;True;(0.168, 0.843, -0.006);(-0.1009, -0.2033, 0.1582);False;False;False;0;0;0;0;0;0;0;0;155,495
4795;40,22072983;(-0.067, 1.031, -0.154);True;True;(0.162, 0.819, 0.018);(-0.0887, -0.3623, 0.4130);False;False;False;0;0;0;0;0;0;0;0;123,688
4800;40,2807312;(-0.068, 1.031, -0.153);True;True;(0.157, 0.761, 0.064);(-0.1948, -1.3108, 0.9798);False;False;False;0;0;0;0;0;0;0;0;146,125
4810;40,42073441;(-0.069, 1.031, -0.149);True;True;(0.115, 0.676, 0.112);(-0.4604, -0.5175, 0.1484);False;False;False;0;0;0;0;0;0;0;0;180,654
4820;40,56073761;(-0.074, 1.030, -0.146);True;True;(0.094, 0.660, 0.120);(-0.0745, -0.0161, 0.0507);False;False;False;0;0;0;0;0;0;0;0;196,446
4830;40,70074081;(-0.081, 1.029, -0.147);True;True;(0.108, 0.689, 0.120);(0.1232, 0.3751, -0.0929);False;True;False;1;0,6555852;0,5265149;0,2498198;0;0;0;0;203,634
4840;40,84074402;(-0.082, 1.028, -0.152);True;True;(0.100, 0.788, 0.087);(-0.1048, 0.2210, -0.0051);False;True;False;1;1;0,8092468;0,4192335;0;0;0;0;203,526
4850;40,98074722;(-0.080, 1.031, -0.157);True;True;(0.038, 0.797, 0.089);(-0.3579, -0.1499, 0.0603);False;True;False;1;1;0,6810557;0,2888548;0;0;0;0;202,011
4860;41,12075043;(-0.084, 1.032, -0.152);True;True;(0.000, 0.744, 0.130);(0.0242, -0.1559, 0.2258);False;False;False;0;0;0;0;0;0;0;0;192,122
4865;41,1807518;(-0.088, 1.030, -0.145);True;True;(0.013, 0.750, 0.132);(0.3268, 0.2470, -0.0577);False;False;False;0;0;0;0;0;0;0;0;186,1
4870;41,26075363;(-0.092, 1.027, -0.139);True;True;(0.035, 0.767, 0.124);(0.3598, 0.2164, -0.1071);False;False;False;0;0;0;0;0;0;0;0;166,573
4875;41,320755;(-0.094, 1.024, -0.135);True;True;(0.083, 0.779, 0.130);(0.9279, 0.1531, 0.1707);False;False;False;0;0;0;0;0;0;0;0;151,268
4880;41,40075684;(-0.094, 1.023, -0.131);True;True;(0.122, 0.768, 0.142);(0.3315, -0.2620, 0.2514);False;False;False;0;0;0;0;0;0;0;0;136,037
4885;41,46075821;(-0.091, 1.023, -0.129);True;True;(0.132, 0.740, 0.161);(-0.0933, -0.6022, 0.4420);False;False;False;0;0;0;0;0;0;0;0;127,479
4890;41,54076004;(-0.088, 1.024, -0.126);True;True;(0.125, 0.704, 0.175);(-0.0699, -0.4478, 0.1609);False;False;False;0;0;0;0;0;0;0;0;125,308
4895;41,60076141;(-0.084, 1.025, -0.125);True;True;(0.108, 0.677, 0.184);(-0.4260, -0.4165, 0.1114);False;False;False;0;0;0;0;0;0;0;0;132,825
4905;41,74076462;(-0.082, 1.026, -0.127);True;True;(0.094, 0.652, 0.199);(-0.0541, 0.0365, -0.0713);False;False;False;0;0;0;0;0;0;0;0;144,093
4915;41,88076782;(-0.086, 1.027, -0.133);True;True;(0.109, 0.682, 0.185);(0.1325, 0.3016, -0.1590);False;True;False;1;0,7230642;0,5563838;0,2300513;0;0;0;0;155,549
4925;42,02077103;(-0.086, 1.029, -0.145);True;True;(0.108, 0.780, 0.130);(-0.2068, 0.3607, -0.1256);False;True;False;1;1;0,7610649;0,3478197;0;0;0;0;170,1
4935;42,16077423;(-0.083, 1.034, -0.156);True;True;(0.040, 0.796, 0.125);(-0.3578, -0.1496, 0.0416);False;True;False;1;0,9746441;0,619962;0,2493757;0;0;0;0;171,316
4945;42,30077744;(-0.082, 1.037, -0.159);True;True;(-0.005, 0.751, 0.141);(-0.0055, -0.1585, 0.1088);False;True;False;0,6711007;0,4563088;0,4013889;0,1205276;0;0;0;0;173,563
4950;42,36077881;(-0.082, 1.037, -0.156);True;True;(0.006, 0.751, 0.145);(0.2731, 0.1756, -0.0325);False;False;False;0;0;0;0;0;0;0;0;176,672
4955;42,44078064;(-0.080, 1.035, -0.154);True;True;(0.042, 0.777, 0.132);(0.5657, 0.4221, -0.2617);False;False;False;0;0;0;0;0;0;0;0;177,897
4960;42,50078201;(-0.077, 1.033, -0.152);True;True;(0.119, 0.809, 0.109);(1.4812, 0.5485, -0.6138);False;False;False;0;0;0;0;0;0;0;0;177,817
4965;42,58078384;(-0.073, 1.030, -0.152);True;True;(0.175, 0.813, 0.084);(0.6158, -0.1466, -0.0498);False;False;False;0;0;0;0;0;0;0;0;176,893
4970;42,64078522;(-0.067, 1.029, -0.152);True;True;(0.230, 0.776, 0.092);(1.2210, -1.1858, 0.3379);False;False;False;0;0;0;0;0;0;0;0;177,796
4975;42,72078705;(-0.061, 1.029, -0.152);True;True;(0.252, 0.732, 0.083);(-0.2587, -0.1031, -0.2884);False;False;False;0;0;0;0;0;0;0;0;178,614
4980;42,78078842;(-0.055, 1.029, -0.151);True;True;(0.245, 0.707, 0.081);(0.0766, -0.6784, 0.2240);False;False;False;0;0;0;0;0;0;0;0;181,431
4990;42,92079163;(-0.048, 1.029, -0.150);True;True;(0.263, 0.654, 0.117);(0.3388, -0.5882, 0.4924);False;False;False;0;0;0;0;0;0;0;0;203,58
5000;43,06079483;(-0.052, 1.030, -0.149);True;True;(0.263, 0.655, 0.119);(0.0015, 0.0548, -0.0137);False;True;False;1;0,5520898;0,5881894;0,4480464;0;0;0;0;215,095
5010;43,20079803;(-0.062, 1.030, -0.151);True;True;(0.245, 0.715, 0.088);(-0.2140, 0.5516, -0.3330);False;True;False;1;1;0,9424111;0,6459472;0;0;0;0;208,718
5020;43,34080124;(-0.073, 1.031, -0.158);True;True;(0.184, 0.813, 0.038);(-0.3289, 0.3602, -0.0758);False;True;False;1;1;0,7804681;0,4463022;0;0;0;0;183,999
5030;43,48080444;(-0.082, 1.034, -0.165);True;True;(0.093, 0.840, 0.042);(-0.5212, -0.0175, 0.0278);False;True;False;1;0,8423498;0,560961;0,3201038;0;0;0;0;168,792
5035;43,54080582;(-0.085, 1.035, -0.167);True;True;(0.051, 0.820, 0.067);(-0.8506, -0.5915, 0.6120);False;True;False;1;0,8089632;0,5256832;0,2551556;0;0;0;0;146,998
5040;43,62080765;(-0.087, 1.036, -0.166);True;True;(0.014, 0.788, 0.090);(-0.2838, -0.3416, 0.2316);False;True;False;1;0,8104597;0,5157951;0,2086242;0;0;0;0;130,832
5045;43,68080902;(-0.091, 1.037, -0.163);True;True;(0.009, 0.760, 0.124);(0.2380, -0.5650, 0.8498);False;True;False;0,9309071;0,3843969;0,2035375;0;0;0;0;0;125,113
5050;43,76081085;(-0.094, 1.036, -0.159);True;True;(0.018, 0.774, 0.121);(0.1362, 0.2100, -0.0907);False;False;False;0;0;0;0;0;0;0;0;125,406
5055;43,82081223;(-0.094, 1.034, -0.157);True;True;(0.041, 0.806, 0.106);(0.5874, 0.8547, -0.4612);False;False;False;0;0;0;0;0;0;0;0;183,092
5060;43,90081406;(-0.093, 1.032, -0.156);True;True;(0.080, 0.846, 0.071);(0.3791, 0.4031, -0.4824);False;False;False;0;0;0;0;0;0;0;0;209,097
5065;43,96081543;(-0.090, 1.032, -0.157);True;True;(0.112, 0.877, 0.039);(0.5408, 0.4479, -0.5084);False;False;False;0;0;0;0;0;0;0;0;212,227
5075;44,10081863;(-0.082, 1.031, -0.161);True;True;(0.156, 0.889, -0.001);(0.2565, 0.0041, -0.4447);False;False;False;0;0;0;0;0;0;0;0;185,671
5085;44,24082184;(-0.073, 1.032, -0.162);True;True;(0.174, 0.877, -0.015);(0.0648, -0.0765, -0.0367);False;False;False;0;0;0;0;0;0;0;0;143,301
5095;44,38082504;(-0.067, 1.031, -0.160);True;True;(0.180, 0.857, -0.013);(0.0167, -0.1286, 0.0476);False;False;False;0;0;0;0;0;0;0;0;125,784
5105;44,52082825;(-0.064, 1.029, -0.157);True;True;(0.188, 0.807, 0.030);(0.0141, -0.3520, 0.3169);False;False;False;0;0;0;0;0;0;0;0;136,941
5115;44,66083145;(-0.064, 1.029, -0.153);True;True;(0.168, 0.720, 0.096);(-0.2739, -0.3920, 0.1698);False;False;False;0;0;0;0;0;0;0;0;145,535
5120;44,72083282;(-0.065, 1.029, -0.151);True;True;(0.154, 0.674, 0.123);(-0.0996, -0.8477, 0.5507);False;False;False;0;0;0;0;0;0;0;0;166,082
5125;44,80083466;(-0.066, 1.029, -0.149);True;True;(0.135, 0.651, 0.130);(-0.1025, -0.1949, 0.0570);False;False;False;0;0;0;0;0;0;0;0;190,837
5130;44,86083603;(-0.069, 1.029, -0.147);True;True;(0.133, 0.644, 0.133);(0.0337, 0.0922, -0.0906);False;False;False;0;0;0;0;0;0;0;0;206,523
5135;44,94083786;(-0.073, 1.028, -0.146);True;True;(0.137, 0.654, 0.130);(0.0640, 0.1872, -0.0407);False;False;False;0;0;0;0;0;0;0;0;210,17
5140;45,00083923;(-0.076, 1.027, -0.146);True;True;(0.140, 0.686, 0.119);(-0.0001, 1.0034, -0.3775);False;False;False;0;0;0;0;0;0;0;0;205,722
5145;45,08084106;(-0.078, 1.027, -0.147);True;True;(0.135, 0.751, 0.099);(-0.1691, 0.6197, -0.1819);False;True;False;1;1;0,7604663;0,3769045;0;0;0;0;173,948
5150;45,14084244;(-0.079, 1.027, -0.150);True;True;(0.109, 0.797, 0.086);(-0.6697, 0.7027, -0.1898);False;True;False;1;1;0,9238604;0,4933524;0;0;0;0;135,848
5160;45,28084564;(-0.081, 1.031, -0.156);True;True;(0.030, 0.792, 0.098);(-0.7516, -0.3520, 0.1427);False;True;False;1;1;0,8558854;0,5034701;0;0;0;0;139,369
5170;45,42084885;(-0.088, 1.033, -0.153);True;True;(0.004, 0.750, 0.137);(0.1157, 0.0346, 0.0343);False;False;False;0;0;0;0;0;0;0;0;178,113
5180;45,56085205;(-0.090, 1.030, -0.146);True;True;(0.084, 0.739, 0.132);(0.6455, -0.2129, -0.0530);False;False;False;0;0;0;0;0;0;0;0;209,401
5190;45,70085526;(-0.080, 1.028, -0.141);True;True;(0.124, 0.655, 0.139);(-0.0806, -0.5345, 0.1333);False;False;False;0;0;0;0;0;0;0;0;207,284
5200;45,84085846;(-0.070, 1.027, -0.137);True;True;(0.086, 0.585, 0.162);(-0.2167, -0.0709, 0.0956);False;False;False;0;0;0;0;0;0;0;0;189,41
5210;45,98086166;(-0.067, 1.030, -0.136);True;True;(0.062, 0.586, 0.174);(0.0144, 0.0621, 0.0623);False;False;False;0;0;0;0;0;0;0;0;175,104
5215;46,04086304;(-0.069, 1.030, -0.137);True;True;(0.065, 0.596, 0.179);(0.0749, 0.2305, 0.0158);False;True;False;0;0;0;0;1;1;1;1;152,482
5220;46,12086487;(-0.072, 1.030, -0.139);True;True;(0.071, 0.625, 0.173);(0.0771, 0.3928, -0.0928);False;True;False;0;0;0;0;1;1;1;1;140,077
5225;46,18086624;(-0.075, 1.031, -0.142);True;True;(0.072, 0.669, 0.163);(-0.1169, 0.9558, -0.2570);False;True;False;0;0;0;0;1;1;1;1;125,682
5230;46,26086807;(-0.078, 1.032, -0.146);True;True;(0.055, 0.712, 0.150);(-0.2528, 0.3468, -0.1366);False;True;False;0;0;0;0;1;1;1;1;113,82
5235;46,32086945;(-0.082, 1.033, -0.149);True;True;(0.031, 0.734, 0.144);(-0.4730, 0.2993, -0.1032);False;True;False;0;0;0;0;1;1;1;1;105,634
5245;46,46087265;(-0.086, 1.034, -0.149);True;True;(-0.007, 0.726, 0.149);(-0.2902, -0.1067, 0.0648);False;True;False;0;0;0;0;1;1;1;1;113,537
5255;46,60087585;(-0.083, 1.031, -0.139);True;True;(0.019, 0.726, 0.145);(0.5571, 0.0272, -0.0937);False;False;False;0;0;0;0;0;0;0;0;162,269
5265;46,74087906;(-0.072, 1.028, -0.128);True;True;(0.140, 0.680, 0.140);(0.5041, -0.3966, 0.0408);False;False;False;0;0;0;0;0;0;0;0;206,224
5275;46,88088226;(-0.057, 1.025, -0.118);True;True;(0.200, 0.620, 0.164);(0.1347, -0.1838, 0.1370);False;False;False;0;0;0;0;0;0;0;0;211,104
5285;47,02088547;(-0.045, 1.024, -0.110);True;True;(0.210, 0.589, 0.201);(-0.0537, -0.0879, 0.0833);False;False;False;0;0;0;0;0;0;0;0;187,037
5290;47,08088684;(-0.043, 1.025, -0.110);True;True;(0.203, 0.581, 0.212);(-0.1235, -0.1602, 0.2386);False;False;False;0;0;0;0;0;0;0;0;157,511
5295;47,16088867;(-0.042, 1.026, -0.110);True;True;(0.192, 0.572, 0.214);(-0.1172, -0.1115, -0.0009);False;False;False;0;0;0;0;0;0;0;0;125,38
5300;47,22089005;(-0.045, 1.027, -0.113);True;True;(0.188, 0.561, 0.217);(-0.0613, -0.2013, 0.1129);False;False;False;0;0;0;0;0;0;0;0;113,56
5305;47,30089188;(-0.050, 1.028, -0.118);True;True;(0.186, 0.563, 0.220);(-0.0141, 0.1009, 0.0103);False;True;False;0;0;0;0;1;1;1;1;91,665
5310;47,36089325;(-0.057, 1.031, -0.125);True;True;(0.180, 0.588, 0.208);(-0.1520, 0.7257, -0.3729);False;True;False;0;0;0;0;1;1;1;1;106,699
5315;47,44089508;(-0.064, 1.033, -0.133);True;True;(0.166, 0.650, 0.181);(-0.0836, 0.6247, -0.2488);False;True;False;0;0;0;0;1;1;1;1;140,955
5320;47,50089645;(-0.072, 1.037, -0.141);True;True;(0.156, 0.708, 0.167);(-0.1763, 1.0488, -0.2177);False;True;False;0;0;0;0;1;1;1;1;205,522
5330;47,64089966;(-0.084, 1.045, -0.159);True;True;(0.094, 0.795, 0.142);(-0.7829, 0.5391, -0.1777);False;True;False;0;0;0;0;1;1;1;1;205,243
5340;47,78090286;(-0.090, 1.051, -0.174);True;True;(-0.010, 0.798, 0.150);(-1.2693, -0.3589, 0.5188);False;True;False;0;0;0;0;1;1;1;1;131,557
5350;47,92090607;(-0.093, 1.055, -0.185);True;True;(-0.056, 0.750, 0.174);(-0.1027, -0.2354, 0.1177);False;True;False;0;0;0;0;1;1;1;1;101,591
5365;48,1409111;(-0.091, 1.058, -0.191);True;True;(-0.016, 0.750, 0.175);(0.4958, 0.4032, -0.1487);False;False;False;0;0;0;0;0;0;0;0;106,186
5375;48,28091431;(-0.086, 1.055, -0.191);True;True;(0.068, 0.815, 0.150);(0.6415, 0.6420, -0.4223);False;False;False;0;0;0;0;0;0;0;0;110,932
5385;48,42091751;(-0.079, 1.052, -0.184);True;True;(0.134, 0.830, 0.108);(0.2779, -0.2033, -0.1127);False;False;False;0;0;0;0;0;0;0;0;127,383
5395;48,56092072;(-0.070, 1.047, -0.172);True;True;(0.167, 0.748, 0.104);(0.1847, -0.4750, 0.0125);False;False;False;0;0;0;0;0;0;0;0;147,194
5405;48,70092392;(-0.061, 1.042, -0.159);True;True;(0.187, 0.703, 0.096);(0.1042, -0.1462, -0.0424);False;False;False;0;0;0;0;0;0;0;0;161,137
5410;48,76092529;(-0.057, 1.040, -0.154);True;True;(0.195, 0.693, 0.093);(0.1329, -0.1502, -0.0365);False;False;False;0;0;0;0;0;0;0;0;171,158
5415;48,84092712;(-0.053, 1.037, -0.150);True;True;(0.208, 0.673, 0.101);(0.1847, -0.3576, 0.1457);False;False;False;0;0;0;0;0;0;0;0;190,695
5420;48,9009285;(-0.050, 1.035, -0.146);True;True;(0.217, 0.640, 0.113);(-0.0403, -0.5644, 0.1193);False;False;False;0;0;0;0;0;0;0;0;205,146
5425;48,98093033;(-0.048, 1.034, -0.143);True;True;(0.210, 0.615, 0.121);(-0.1393, -0.1902, 0.0615);False;False;False;0;0;0;0;0;0;0;0;206,685
5430;49,0409317;(-0.047, 1.034, -0.141);True;True;(0.205, 0.599, 0.126);(-0.0987, -0.2439, 0.0239);False;False;False;0;0;0;0;0;0;0;0;153,875
5435;49,12093353;(-0.047, 1.034, -0.140);True;True;(0.200, 0.589, 0.129);(-0.0325, 0.0060, 0.0200);False;False;False;0;0;0;0;0;0;0;0;108,674
5440;49,18093491;(-0.050, 1.034, -0.141);True;True;(0.203, 0.586, 0.136);(0.0873, 0.0204, 0.1533);False;False;False;0;0;0;0;0;0;0;0;92,328
5450;49,32093811;(-0.058, 1.035, -0.146);True;True;(0.201, 0.632, 0.142);(-0.0914, 0.7570, -0.0470);False;False;False;0;0;0;0;0;0;0;0;110,095
5460;49,46094131;(-0.066, 1.036, -0.153);True;True;(0.180, 0.711, 0.141);(-0.2837, 0.7107, 0.0072);False;False;False;0;0;0;0;0;0;0;0;132,18
5470;49,60094452;(-0.074, 1.037, -0.156);True;True;(0.175, 0.715, 0.154);(-0.0142, -0.0751, 0.0305);False;False;False;0;0;0;0;0;0;0;0;148,139
5480;49,74094772;(-0.076, 1.035, -0.150);True;True;(0.181, 0.684, 0.150);(0.0424, -0.2397, -0.0639);False;False;False;0;0;0;0;0;0;0;0;176,056
5490;49,88095093;(-0.073, 1.033, -0.143);True;True;(0.200, 0.651, 0.138);(0.0983, -0.0528, -0.0295);False;False;False;0;0;0;0;0;0;0;0;199,762
5500;50,02095413;(-0.068, 1.031, -0.140);True;True;(0.210, 0.652, 0.135);(-0.0113, 0.0235, 0.0182);False;False;False;0;0;0;0;0;0;0;0;208,012
5505;50,08095551;(-0.066, 1.030, -0.141);True;True;(0.208, 0.653, 0.136);(-0.0525, 0.0206, 0.0139);False;False;False;0;0;0;0;0;0;0;0;197,034
5510;50,16095734;(-0.066, 1.031, -0.142);True;True;(0.205, 0.653, 0.137);(-0.0340, 0.0001, 0.0136);False;False;False;0;0;0;0;0;0;0;0;129,633
5515;50,22095871;(-0.066, 1.031, -0.143);True;True;(0.199, 0.652, 0.140);(-0.1343, -0.0160, 0.0640);False;False;False;0;0;0;0;0;0;0;0;83,401
5520;50,30096054;(-0.067, 1.032, -0.143);True;True;(0.192, 0.645, 0.147);(-0.0575, -0.0972, 0.0727);False;False;False;0;0;0;0;0;0;0;0;65,053
5525;50,36096191;(-0.068, 1.032, -0.142);True;True;(0.184, 0.635, 0.155);(-0.2354, -0.1757, 0.1520);False;False;False;0;0;0;0;0;0;0;0;86,902
5530;50,44096375;(-0.069, 1.032, -0.141);True;True;(0.175, 0.627, 0.163);(-0.0444, -0.0822, 0.1071);False;False;False;0;0;0;0;0;0;0;0;111,539
5535;50,50096512;(-0.072, 1.032, -0.140);True;True;(0.174, 0.614, 0.173);(-0.0175, -0.2421, 0.1595);False;True;False;1;1;1;1;0;0;0;0;127,025
5545;50,64096832;(-0.077, 1.033, -0.139);True;True;(0.168, 0.628, 0.173);(-0.0658, 0.2555, -0.0273);False;True;False;1;1;1;1;0;0;0;0;159,118
5555;50,78097153;(-0.083, 1.033, -0.143);True;True;(0.122, 0.692, 0.177);(-0.3910, 0.4451, 0.0404);False;True;False;1;1;1;1;0;0;0;0;191,898
5565;50,92097473;(-0.091, 1.035, -0.149);True;True;(0.054, 0.741, 0.165);(-0.2931, 0.0460, 0.0206);False;True;False;1;1;1;0,964228;0;0;0;0;204,346
5575;51,06097794;(-0.097, 1.036, -0.151);True;True;(0.015, 0.737, 0.171);(-0.1200, -0.0308, 0.0277);False;True;False;1;1;1;0,8892348;0;0;0;0;206,19
5585;51,20098114;(-0.096, 1.036, -0.148);True;True;(0.008, 0.734, 0.173);(0.0933, 0.0330, -0.0508);False;True;False;1;1;1;1;0;0;0;0;200,308
5590;51,26098251;(-0.093, 1.035, -0.145);True;True;(0.021, 0.741, 0.172);(0.3515, 0.2105, -0.0311);False;False;False;0;0;0;0;0;0;0;0;178,11
5595;51,34098434;(-0.088, 1.033, -0.143);True;True;(0.064, 0.768, 0.159);(0.5381, 0.2715, -0.1936);False;False;False;0;0;0;0;0;0;0;0;149,155
5600;51,40098572;(-0.081, 1.030, -0.140);True;True;(0.119, 0.789, 0.134);(1.0975, 0.2154, -0.4336);False;False;False;0;0;0;0;0;0;0;0;134,063
5605;51,48098755;(-0.074, 1.028, -0.139);True;True;(0.170, 0.775, 0.120);(0.3038, -0.1094, -0.2844);False;False;False;0;0;0;0;0;0;0;0;128,623
5610;51,54098892;(-0.067, 1.026, -0.139);True;True;(0.199, 0.750, 0.099);(0.5223, -0.6572, -0.3551);False;False;False;0;0;0;0;0;0;0;0;126,792
5615;51,62099075;(-0.059, 1.025, -0.139);True;True;(0.226, 0.687, 0.096);(0.1672, -0.6504, -0.0806);False;False;False;0;0;0;0;0;0;0;0;122,398
5620;51,68099213;(-0.052, 1.024, -0.139);True;True;(0.231, 0.645, 0.086);(0.0289, -0.6450, -0.2032);False;False;False;0;0;0;0;0;0;0;0;119,562
5630;51,82099533;(-0.044, 1.023, -0.136);True;True;(0.225, 0.605, 0.085);(-0.0955, -0.2343, 0.0445);False;False;False;0;0;0;0;0;0;0;0;113,14
5640;51,96099854;(-0.042, 1.021, -0.129);True;True;(0.214, 0.589, 0.089);(-0.0472, -0.0607, 0.0243);False;False;False;0;0;0;0;0;0;0;0;112,696
5650;52,10100174;(-0.043, 1.018, -0.123);True;True;(0.200, 0.581, 0.091);(-0.0764, -0.0367, 0.0186);False;False;False;0;0;0;0;0;0;0;0;128,912
5660;52,24100494;(-0.046, 1.016, -0.121);True;True;(0.188, 0.579, 0.094);(-0.0670, 0.0089, 0.0141);False;False;False;0;0;0;0;0;0;0;0;158,341
5670;52,38100815;(-0.047, 1.016, -0.120);True;True;(0.178, 0.581, 0.099);(-0.0393, 0.0182, 0.0233);False;False;False;0;0;0;0;0;0;0;0;162,74
5675;52,44100952;(-0.047, 1.016, -0.120);True;True;(0.173, 0.582, 0.102);(-0.0735, 0.0140, 0.0595);False;False;False;0;0;0;0;0;0;0;0;157
5680;52,52101135;(-0.047, 1.016, -0.120);True;True;(0.171, 0.582, 0.106);(-0.0223, -0.0057, 0.0473);False;False;False;0;0;0;0;0;0;0;0;157,323
5685;52,58101273;(-0.048, 1.016, -0.120);True;True;(0.170, 0.581, 0.109);(-0.0194, -0.0029, 0.0765);False;False;False;0;0;0;0;0;0;0;0;155,825
5690;52,66101456;(-0.048, 1.016, -0.119);True;True;(0.172, 0.582, 0.109);(0.0425, 0.0247, -0.0209);False;False;False;0;0;0;0;0;0;0;0;145,963
5695;52,72101593;(-0.048, 1.015, -0.118);True;True;(0.180, 0.586, 0.108);(0.2209, 0.1206, -0.0505);False;False;False;0;0;0;0;0;0;0;0;138,128
5700;52,80101776;(-0.047, 1.015, -0.118);True;True;(0.193, 0.592, 0.099);(0.1146, 0.0214, -0.1244);False;False;False;0;0;0;0;0;0;0;0;142,78
5705;52,86101913;(-0.045, 1.014, -0.118);True;True;(0.199, 0.591, 0.090);(0.0359, 0.0334, -0.2192);False;False;False;0;0;0;0;0;0;0;0;147,238
5715;53,00102234;(-0.042, 1.013, -0.118);True;True;(0.192, 0.585, 0.083);(-0.1000, -0.1002, 0.0140);False;False;False;0;0;0;0;0;0;0;0;150,377
5725;53,14102554;(-0.040, 1.013, -0.116);True;True;(0.173, 0.577, 0.088);(-0.1770, -0.0658, 0.0506);False;False;False;0;0;0;0;0;0;0;0;153,39
5735;53,28102875;(-0.043, 1.013, -0.115);True;True;(0.160, 0.581, 0.095);(-0.0176, 0.0240, 0.0591);False;True;False;0;0;0;0;1;1;1;1;156,147
5745;53,42103195;(-0.050, 1.016, -0.117);True;True;(0.151, 0.611, 0.106);(-0.0368, 0.2207, 0.1136);False;True;False;0;0;0;0;1;1;1;1;160,977
5755;53,56103516;(-0.061, 1.019, -0.121);True;True;(0.117, 0.705, 0.129);(-0.3142, 0.6136, 0.0707);False;True;False;0;0;0;0;1;1;1;1;169,195
5765;53,70103836;(-0.076, 1.024, -0.129);True;True;(0.040, 0.818, 0.147);(-0.3775, 0.4012, 0.1786);False;True;False;0;0;0;0;1;1;1;1;172,274
5770;53,76103973;(-0.085, 1.027, -0.134);True;True;(0.003, 0.843, 0.152);(-0.7789, 0.3315, 0.0852);False;True;False;0;0;0;0;1;1;1;1;172,564
5775;53,84104156;(-0.094, 1.030, -0.138);True;True;(-0.033, 0.839, 0.164);(-0.3162, -0.1824, 0.1967);False;True;False;0;0;0;0;1;1;1;1;169,229
5780;53,90104294;(-0.102, 1.031, -0.142);True;True;(-0.060, 0.804, 0.176);(-0.4882, -0.9585, 0.1177);False;True;False;0;0;0;0;1;1;1;1;164,995
5785;53,98104477;(-0.109, 1.033, -0.145);True;True;(-0.075, 0.751, 0.182);(-0.1022, -0.6946, 0.1713);False;True;False;0;0;0;0;1;1;1;1;147,987
5790;54,04104614;(-0.114, 1.033, -0.145);True;True;(-0.075, 0.712, 0.181);(0.0697, -0.3234, -0.2111);False;True;False;0;0;0;0;0,6592329;0,7654535;0,7230024;0,7551666;151,548
5800;54,18104935;(-0.110, 1.033, -0.139);True;True;(-0.060, 0.723, 0.181);(0.2541, 0.3666, -0.1181);False;False;False;0;0;0;0;0;0;0;0;148,887
5810;54,32105255;(-0.091, 1.031, -0.133);True;True;(0.033, 0.792, 0.164);(1.2053, 0.5499, -0.2624);False;False;False;0;0;0;0;0;0;0;0;147,164
5820;54,46105576;(-0.067, 1.030, -0.127);True;True;(0.152, 0.752, 0.151);(0.5473, -0.5070, 0.1148);False;False;False;0;0;0;0;0;0;0;0;144,778
5830;54,60105896;(-0.043, 1.027, -0.121);True;True;(0.228, 0.671, 0.147);(0.0674, -0.1495, -0.1207);False;False;False;0;0;0;0;0;0;0;0;153,983
5840;54,74106216;(-0.031, 1.027, -0.123);True;True;(0.223, 0.628, 0.176);(0.1626, -0.4704, 0.3814);False;False;False;0;0;0;0;0;0;0;0;167,668
5845;54,80106354;(-0.033, 1.029, -0.123);True;True;(0.227, 0.613, 0.196);(-0.0631, 0.0789, 0.1340);False;False;False;0;0;0;0;0;0;0;0;166,295
5850;54,88106537;(-0.038, 1.030, -0.123);True;True;(0.215, 0.637, 0.196);(-0.1419, 0.2758, -0.0470);False;False;False;0;0;0;0;0;0;0;0;160,181
5855;54,94106674;(-0.045, 1.030, -0.125);True;True;(0.172, 0.694, 0.174);(-1.1458, 1.2868, -0.5050);False;False;False;0;0;0;0;0;0;0;0;147,848
5860;55,02106857;(-0.050, 1.031, -0.129);True;True;(0.102, 0.760, 0.139);(-0.8303, 0.6526, -0.5583);False;True;False;1;1;1;1;0;0;0;0;143,073
5865;55,08106995;(-0.054, 1.032, -0.135);True;True;(0.038, 0.783, 0.113);(-1.2263, 0.3156, -0.5057);False;True;False;1;1;1;1;0;0;0;0;148,312
5870;55,16107178;(-0.058, 1.034, -0.140);True;True;(-0.005, 0.768, 0.116);(-0.2913, -0.2302, 0.1065);False;True;False;1;1;1;1;0;0;0;0;157,372
5875;55,22107315;(-0.061, 1.035, -0.144);True;True;(-0.020, 0.738, 0.132);(-0.0839, -0.5574, 0.3079);False;True;False;1;0,7480693;0,7856095;0,539932;0;0;0;0;162,772
5885;55,36107635;(-0.065, 1.035, -0.140);True;True;(0.020, 0.738, 0.138);(0.8003, 0.4243, -0.2544);False;False;False;0;0;0;0;0;0;0;0;175,848
5895;55,50107956;(-0.059, 1.033, -0.137);True;True;(0.156, 0.778, 0.078);(1.2120, -0.0317, -0.4827);False;False;False;0;0;0;0;0;0;0;0;190,054
5905;55,64108276;(-0.048, 1.029, -0.137);True;True;(0.226, 0.728, 0.061);(0.1769, -0.3196, 0.0007);False;False;False;0;0;0;0;0;0;0;0;197,125
5915;55,78108597;(-0.038, 1.029, -0.137);True;True;(0.236, 0.676, 0.063);(-0.0160, -0.1308, 0.0025);False;False;False;0;0;0;0;0;0;0;0;195,971
5925;55,92108917;(-0.035, 1.028, -0.136);True;True;(0.234, 0.654, 0.068);(-0.0133, -0.1161, 0.0094);False;False;False;0;0;0;0;0;0;0;0;188,195
5935;56,06109238;(-0.037, 1.027, -0.135);True;True;(0.224, 0.640, 0.066);(-0.0510, -0.0082, -0.0197);False;False;False;0;0;0;0;0;0;0;0;181,098
5940;56,12109375;(-0.039, 1.027, -0.135);True;True;(0.221, 0.639, 0.065);(-0.0516, -0.0058, -0.0030);False;False;False;0;0;0;0;0;0;0;0;173,896
5945;56,20109558;(-0.041, 1.027, -0.135);True;True;(0.220, 0.639, 0.065);(-0.0082, 0.0055, -0.0021);False;False;False;0;0;0;0;0;0;0;0;165,007
5950;56,26109695;(-0.043, 1.027, -0.135);True;True;(0.219, 0.640, 0.066);(-0.0445, 0.0198, 0.0090);False;False;False;0;0;0;0;0;0;0;0;150,68
5955;56,34109879;(-0.045, 1.026, -0.135);True;True;(0.216, 0.641, 0.067);(-0.0282, 0.0111, 0.0156);False;False;False;0;0;0;0;0;0;0;0;149,645
5960;56,40110016;(-0.046, 1.026, -0.136);True;True;(0.211, 0.642, 0.071);(-0.1236, 0.0284, 0.1264);False;False;False;0;0;0;0;0;0;0;0;147,913
5970;56,54110336;(-0.052, 1.028, -0.138);True;True;(0.174, 0.629, 0.100);(-0.4707, -0.2442, 0.2917);False;False;False;0;0;0;0;0;0;0;0;154,683
5980;56,68110657;(-0.060, 1.029, -0.137);True;True;(0.148, 0.672, 0.113);(-0.3112, 0.8652, 0.0044);False;True;False;1;1;1;0,8342354;0;0;0;0;152,89
5990;56,82110977;(-0.064, 1.030, -0.142);True;True;(0.051, 0.758, 0.113);(-0.7361, 0.2307, -0.0019);False;True;False;1;1;1;0,8491452;0;0;0;0;148,814
6000;56,96111298;(-0.070, 1.034, -0.146);True;True;(0.006, 0.720, 0.149);(0.0757, -0.0132, 0.0663);False;False;False;0;0;0;0;0;0;0;0;136,165
6010;57,10111618;(-0.077, 1.035, -0.144);True;True;(0.087, 0.736, 0.119);(0.8217, -0.0913, -0.3233);False;False;False;0;0;0;0;0;0;0;0;129,598
6020;57,24111938;(-0.071, 1.034, -0.147);True;True;(0.159, 0.670, 0.118);(-0.0379, -0.2351, 0.2903);False;False;False;0;0;0;0;0;0;0;0;126,248
6025;57,30112076;(-0.068, 1.034, -0.147);True;True;(0.148, 0.647, 0.134);(-0.2165, -0.4138, 0.2653);False;False;False;0;0;0;0;0;0;0;0;87,879
6030;57,38112259;(-0.067, 1.035, -0.144);True;True;(0.148, 0.648, 0.139);(0.0212, 0.1407, -0.0119);False;False;False;0;0;0;0;0;0;0;0;135,275
6035;57,44112396;(-0.066, 1.034, -0.142);True;True;(0.144, 0.680, 0.122);(-0.1696, 0.8686, -0.5161);False;True;False;1;1;1;1;0;0;0;0;173,571
6040;57,52112579;(-0.064, 1.033, -0.143);True;True;(0.111, 0.748, 0.094);(-0.4736, 0.5180, -0.1625);False;True;False;1;1;1;1;0;0;0;0;147,164
6045;57,58112717;(-0.062, 1.032, -0.145);True;True;(0.055, 0.761, 0.094);(-1.0870, -0.3548, 0.3832);False;True;False;1;1;1;1;0;0;0;0;144,778
6050;57,661129;(-0.062, 1.032, -0.146);True;True;(0.017, 0.730, 0.117);(-0.1124, -0.4322, 0.4194);False;True;False;1;1;1;1;0;0;0;0;153,983
6055;57,72113037;(-0.065, 1.033, -0.143);True;True;(0.027, 0.711, 0.139);(0.3173, 0.0531, 0.0194);False;False;False;0;0;0;0;0;0;0;0;167,668
6065;57,86113358;(-0.069, 1.033, -0.137);True;True;(0.148, 0.715, 0.102);(1.9123, -0.3775, -0.4211);False;False;False;0;0;0;0;0;0;0;0;166,295
6075;58,00113678;(-0.063, 1.030, -0.139);True;True;(0.184, 0.667, 0.122);(-0.0869, -0.1210, 0.2329);False;False;False;0;0;0;0;0;0;0;0;160,181
6085;58,14113998;(-0.064, 1.033, -0.137);True;True;(0.188, 0.624, 0.167);(-0.0119, 0.1359, -0.0381);False;True;False;0,7849327;1;1;1;0;0;0;0;147,848
6095;58,28114319;(-0.069, 1.031, -0.135);True;True;(0.164, 0.745, 0.088);(-0.2517, 0.6663, -0.4234);False;True;False;1;1;1;1;0;0;0;0;143,073
6105;58,42114639;(-0.068, 1.031, -0.147);True;True;(0.046, 0.790, 0.083);(-0.7372, -0.1737, 0.2052);False;True;False;1;1;1;1;0;0;0;0;148,312
6110;58,48114777;(-0.069, 1.032, -0.151);True;True;(-0.006, 0.759, 0.111);(-0.8853, -0.7008, 0.5438);False;True;False;1;1;1;0,8393517;0;0;0;0;157,372
6115;58,5611496;(-0.072, 1.034, -0.150);True;True;(-0.014, 0.723, 0.150);(0.1453, -0.0847, 0.1689);False;False;False;0;0;0;0;0;0;0;0;162,772
6120;58,62115097;(-0.076, 1.035, -0.146);True;True;(0.006, 0.731, 0.142);(0.4621, 0.2173, -0.1999);False;False;False;0;0;0;0;0;0;0;0;175,848
6125;58,7011528;(-0.078, 1.035, -0.143);True;True;(0.054, 0.750, 0.118);(0.7898, 0.3344, -0.4887);False;False;False;0;0;0;0;0;0;0;0;190,054
6130;58,76115417;(-0.078, 1.034, -0.141);True;True;(0.119, 0.785, 0.059);(1.0451, 0.7405, -1.3093);False;False;False;0;0;0;0;0;0;0;0;197,125
6135;58,84115601;(-0.075, 1.032, -0.142);True;True;(0.160, 0.800, 0.022);(0.2834, 0.1059, -0.2914);False;False;False;0;0;0;0;0;0;0;0;195,971
6140;58,90115738;(-0.070, 1.031, -0.144);True;True;(0.187, 0.801, 0.004);(0.4370, -0.0342, -0.2736);False;False;False;0;0;0;0;0;0;0;0;188,195
6150;59,04116058;(-0.061, 1.031, -0.149);True;True;(0.212, 0.780, -0.002);(0.1806, -0.2261, 0.0295);False;False;False;0;0;0;0;0;0;0;0;181,098
6160;59,18116379;(-0.055, 1.032, -0.149);True;True;(0.228, 0.764, -0.002);(0.0317, -0.0552, -0.0324);False;False;False;0;0;0;0;0;0;0;0;173,896
6170;59,32116699;(-0.054, 1.031, -0.148);True;True;(0.233, 0.757, -0.007);(0.0162, -0.0140, -0.0022);False;False;False;0;0;0;0;0;0;0;0;165,007
6180;59,4611702;(-0.055, 1.030, -0.148);True;True;(0.235, 0.753, -0.009);(-0.0198, -0.0174, 0.0230);False;False;False;0;0;0;0;0;0;0;0;150,68
6190;59,6011734;(-0.054, 1.030, -0.148);True;True;(0.208, 0.741, 0.024);(-0.2680, -0.1336, 0.3674);False;False;False;0;0;0;0;0;0;0;0;149,645
6195;59,66117477;(-0.055, 1.030, -0.148);True;True;(0.177, 0.705, 0.077);(-0.6184, -0.8627, 1.1299);False;False;False;0;0;0;0;0;0;0;0;147,913
6200;59,74117661;(-0.057, 1.031, -0.147);True;True;(0.151, 0.660, 0.123);(-0.2451, -0.4203, 0.3430);False;False;False;0;0;0;0;0;0;0;0;154,683
6205;59,80117798;(-0.062, 1.031, -0.144);True;True;(0.139, 0.638, 0.146);(-0.2324, -0.1145, 0.2978);False;False;False;0;0;0;0;0;0;0;0;152,89
6210;59,88117981;(-0.067, 1.032, -0.138);True;True;(0.137, 0.650, 0.147);(-0.0326, 0.3490, -0.0234);False;False;False;0;0;0;0;0;0;0;0;148,814
6215;59,94118118;(-0.070, 1.031, -0.136);True;True;(0.131, 0.697, 0.126);(-0.2297, 1.1116, -0.5384);False;False;False;0;0;0;0;0;0;0;0;136,165
